"","ï..Player","Nation","Pos","Age","Born","X90s","Gls","Standard.Sh","Standard.SoT","Standard.SoT.","Standard.Sh.90","Standard.SoT.90","Standard.G.Sh","Standard.G.SoT","Standard.Dist","Performance.PK","Performance.PKatt","Standard.FK","Expected.xG","Expected.npxG","Expected.npxG.Sh","Expected.G.xG","Expected.np.G.xG","Total.Cmp","Total.Att","Total.Cmp.","Total.TotDist","Total.PrgDist","Short.Cmp","Short.Att","Short.Cmp.","Medium.Cmp","Medium.Att","Medium.Cmp.","Long.Cmp","Long.Att","Long.Cmp.","Ast","xA","A.xA","KP","X1.3","PPA","CrsPA","Prog","Tackles.Tkl","Tackles.TklW","Tackles.Def.3rd","Tackles.Mid.3rd","Tackles.Att.3rd","Vs.Dribbles.Tkl","Vs.Dribbles.Att","Vs.Dribbles.Tkl.","Vs.Dribbles.Past","Pressures.Press","Pressures.Succ","Pressures..","Pressures.Def.3rd","Pressures.Mid.3rd","Pressures.Att.3rd","Blocks.Blocks","Blocks.Sh","Blocks.ShSv","Blocks.Pass","Int","Tkl.Int","Clr","Err"
"1","G. Adilovi?","Bernepamar","DF",18,2002,5.34,-0.02,0.34,0.25,49.91,0.34,0.28,0.03,-0.06,7,0.06,-0.09,-0.05,0.03,0.02,0.09,0,-0.06,54.57,59.23,92,1127.58,306.18,15.64,16.24,96.53,31.79,33.29,95.4,7.09,9.39,76.01,-0.01,0.05,-0.05,0.1,3,0.04,-0.02,1.35,0.85,0.51,0.66,0.23,0.02,0.6,1.41,42.82,0.81,10.95,2.93,27.62,8.09,2.66,0.14,2.59,1.25,0.03,1.24,2.12,2.99,5.25,-0.02
"2","J. Mizrahi","Bernepamar","DF",21,1999,3.97,-0.04,-0.03,-0.01,NA,-0.01,-0.06,NA,NA,NA,0.09,-0.07,-0.04,0.02,0.02,NA,0.02,0.05,45.51,54.45,83.91,789.71,182.57,20.25,22.21,90.78,20.78,23.67,87.9,3.67,6.11,58.2,-0.1,-0.08,-0.08,0.35,0.72,0.51,0.25,2.33,2.85,1.8,1.95,0.21,0.45,1.34,2.01,62.52,0.82,10.45,5.21,48.84,4.53,4.35,1.61,1.81,-0.05,0.05,1.88,2.74,5.55,2.33,0.02
"3","L. Ayugi","Bernepamar","DF",28,1992,5.37,-0.06,0.85,0.19,20.07,0.85,0.23,0.01,0.05,17.36,0.01,-0.1,0.06,0.11,-0.02,-0.02,-0.05,-0.11,45.6,54.68,83.34,823.44,241.38,21.59,24.28,88.44,17.26,19.39,88.3,5.66,8.18,69.76,0.19,0.07,0.06,0.92,1.99,0.77,-0.07,3.16,1.03,0.53,1.09,0.07,0.02,0.37,1.49,25.06,1.1,8.62,2.2,26.17,5.4,1.94,1.31,2.29,0.04,0.02,2.26,2.81,3.96,1.26,0.11
"4","X. Krawczyk","Bernepamar","DF",24,1996,5.35,-0.04,-0.02,-0.02,NA,0.05,-0.06,NA,NA,NA,-0.05,0.06,0.09,0.02,0.05,NA,-0.07,0.05,66.04,71.43,92.24,1336.26,416.59,22.7,23.15,97.61,32.55,34.13,95.67,10.2,13.28,77.05,-0.03,-0.08,0.06,0.06,5.77,0.03,0,5.25,1.35,1.2,1.34,0.08,0.05,0.32,0.79,50.06,0.33,8.79,3.27,36.3,5.68,3.17,-0.09,2.4,1.24,0,1.05,2.52,3.81,5.75,-0.01
"5","Y. Salihovi?","Bernepamar","DF",29,1991,1.67,-0.08,-0.01,0.03,NA,0.08,0.09,NA,NA,NA,0.09,0.09,0.07,0.03,-0.03,NA,0.07,-0.1,57.5,60.05,96.17,1372.89,169.35,9.42,10.07,94.13,32.32,32.43,100.06,15.34,17.18,89.71,0.07,0,-0.08,-0.06,0.05,-0.04,-0.07,0.51,0.54,0.04,0.51,0.09,-0.07,-0.09,0.07,NA,0.02,3.54,0.58,16.71,3.61,-0.05,0.02,0.62,0.62,-0.03,-0.01,1.16,1.82,4.73,0.03
"11","K. Salihovi?","Bernepamar","FWDF",24,1996,0.31,0.04,0.08,-0.06,NA,-0.09,0.01,NA,NA,NA,-0.04,0.05,-0.04,-0.1,-0.07,NA,-0.1,-0.07,20.01,25.08,80.07,362.53,62.41,12.48,14.97,83.39,5,7.55,66.64,2.42,2.46,100.05,0.03,0.02,0.08,2.56,0.06,0.06,-0.01,2.42,0,0,-0.03,0.04,0.04,0,0.04,NA,-0.05,19.92,5.03,24.9,5.01,10.04,5.07,4.9,0.05,-0.1,5.03,-0.1,-0.03,-0.08,0.07
"20","H. Sinaga","Bernepamar","MFDF",24,1996,5.31,0.21,0.34,0.28,49.97,0.4,0.11,0.58,1.05,12.98,0.06,-0.01,-0.01,-0.04,-0.01,0.06,0.08,0.13,45.67,55.07,82.91,738.56,145.18,25.27,27.57,91.73,14.71,18.86,77.92,3.94,5.66,70.08,0.17,0.06,0.02,0.67,2.71,1.22,0.4,3.19,2.16,1.63,1.56,0.34,0.42,0.66,1.18,49.92,0.54,18.78,7,37.35,7.59,6.91,4.13,2.68,0.1,0.07,2.55,1.15,3.35,2.11,0.06
"22","C. Carvalho","Byasier Pujan","DF",25,1995,0.6,-0.01,1.68,-0.09,-0.07,1.72,0,0.1,NA,29.04,0.03,-0.08,-0.08,-0.1,-0.04,0.04,0.08,0.02,53.36,58.35,91.36,1123.33,150.09,11.76,11.67,99.93,35.05,40.08,87.6,6.59,6.61,100,1.66,-0.03,1.77,1.58,1.64,1.58,1.73,-0.05,0.09,-0.01,-0.07,-0.04,-0.09,0.09,0.06,NA,0.08,0.05,-0.04,NA,-0.03,0.03,0.05,-0.02,0.06,0.05,0.09,-0.04,-0.01,0.07,-0.03
"23","D. Iskandar","Byasier Pujan","DF",30,1990,3.26,-0.02,1.15,0.08,0.02,1.21,0.08,0.08,NA,21.62,0,-0.07,-0.02,0.04,0.14,0.14,-0.18,-0.04,42.43,53.81,78.74,717.35,214.79,21.88,24.51,88.86,16.12,20.89,76.77,3.74,5.7,63.18,-0.03,0.2,-0.06,0.82,2.05,0.62,0.09,2.95,0.1,-0.02,0,-0.02,-0.05,0.05,1.68,-0.05,1.57,9.99,3.42,33.24,1.58,8.32,-0.01,0.09,-0.01,-0.07,0.02,1.69,1.71,1.61,-0.09
"24","F. Kyamanywa","Byasier Pujan","DF",19,2001,1.68,-0.04,0.73,0.65,99.97,0.53,0.7,-0.1,0.05,27.94,-0.05,0.04,0.09,-0.1,0.09,-0.04,0,-0.1,64.36,68.16,94.46,1174.34,275.63,24.46,26.33,92.85,34.98,34.91,100.08,4.96,6.35,80.08,-0.08,-0.08,0,-0.09,6.96,-0.05,0.05,7.46,1.57,1.22,1.21,0.33,0.08,0,0.54,-0.07,0.67,13.33,4.76,36.45,4.79,3.64,4.82,2.14,0.39,0.03,1.91,1.16,2.71,0.23,0.06
"25","I. Gumede","Byasier Pujan","DF",28,1992,3.48,0.05,0.2,0.24,99.97,0.22,0.34,0.04,0.1,5.04,0.05,0.08,0.04,0.12,0.01,0.22,-0.17,-0.18,47.03,50.97,92.69,1102.39,246.88,11.73,12.32,95.23,23.5,24.06,97.57,10.66,12.99,82.22,0.07,0.05,0.01,0.38,4.38,0.06,-0.08,2.64,4.34,1.82,1.83,1.8,0.56,1.22,1.8,66.65,0.61,17.52,5.66,32.19,6.16,8.08,3.12,1.24,0.58,0.07,0.72,1.96,6.2,3.05,0.09
"26","O. Oh","Byasier Pujan","DF",30,1990,3.23,-0.04,0.09,-0.04,NA,-0.03,-0.05,NA,NA,NA,0.1,0.01,0.1,-0.07,0.03,NA,0.02,0.07,84.29,93.65,89.95,1593.85,847.54,32.15,32.68,98.17,42.77,45.78,93.47,8.4,13.3,63.59,0.03,0.2,-0.17,0.58,13.2,2.03,0.39,13.57,2.62,2.06,0.9,1.69,0.1,0.63,0.82,66.74,0.31,15.77,5.97,38.16,7.42,7.4,0.81,1.47,0.9,-0.02,0.49,2.22,4.84,6.32,-0.01
"27","Q. Hor","Byasier Pujan","DF",29,1992,0.05,-0.09,-0.02,-0.09,NA,0.09,-0.1,NA,NA,NA,-0.08,-0.06,0,0.04,0.09,NA,0.08,0.09,7.04,8.07,87.6,184.97,94.03,0.96,1.98,49.97,3.02,2.92,99.99,2.99,2.91,99.91,-0.09,0.09,0,0.07,1.01,0.91,0.06,1.9,2.73,1.49,1.78,0.81,0.07,1.29,1.51,80.06,0.37,12.09,4.54,37.44,6.02,5.51,0.61,1.92,0.9,0.02,0.84,2.2,4.79,0.59,0.01
"28","V. Bila","Byasier Pujan","DF",24,1996,3.42,0.53,1.69,1.18,66.62,1.62,1.11,0.34,0.48,8.67,-0.08,-0.02,0.04,0.56,0.6,0.22,-0.03,0.04,27.04,36.89,73.61,461.11,182.04,14.67,17.66,82.31,9.49,11.77,80.42,2.76,5.97,47.53,0.05,0.13,-0.13,1.06,1.16,0.55,0.2,3.46,0,0,-0.03,0.01,0.05,-0.04,0.06,NA,-0.06,0.99,0.95,99.97,1.05,0,-0.03,0.02,-0.04,-0.03,-0.08,-0.08,-0.09,0,-0.05
"29","Z. Nalunga","Byasier Pujan","DF",21,1999,0.58,0,-0.01,0,NA,-0.05,-0.03,NA,NA,NA,0.04,0.05,-0.01,-0.01,-0.05,NA,-0.1,-0.01,33.21,43.22,76.94,639.92,205.03,11.71,11.72,99.99,20,24.94,80.07,1.65,5.01,33.26,-0.08,-0.03,-0.06,0.04,1.76,0.02,0.07,1.75,1.77,0.93,0.55,0.49,0.48,1.11,2.01,57.18,0.94,18.37,7.06,39.1,5.38,6.82,6.05,1.11,0.32,0.06,0.91,0.61,2.38,-0.07,-0.06
"30","L. Mhango","Byasier Pujan","DFFW",29,1991,0.68,0.02,1.61,0.07,-0.07,1.68,-0.04,0.1,NA,15.09,0.01,-0.09,0,0.1,0.09,-0.03,-0.01,0.06,36.61,61.66,59.59,663.27,256.62,18.37,25.03,73.34,15.09,18.34,81.76,3.35,13.37,24.94,-0.07,0.08,-0.22,3.38,3.35,1.65,-0.02,8.24,0.02,0.1,0.02,0.09,0.01,-0.01,1.75,0.05,1.66,21.65,1.74,7.7,11.61,5.08,4.93,4.96,1.58,-0.02,3.25,1.57,1.67,-0.08,0.08
"31","W. Joao","Byasier Pujan","DFMF",21,1999,2.68,0.09,1.61,0.43,24.95,1.6,0.36,-0.07,-0.01,12.04,-0.03,0.04,0.09,0.32,0.32,0.33,-0.3,-0.48,45.74,48.75,93.64,1033.53,233.1,10.89,11.23,96.52,26.47,28.11,94.51,8.53,9.64,88.09,-0.01,0,-0.04,0.09,1.23,-0.09,0.02,2.01,3.24,1.58,1.63,1.57,0.05,1.67,1.71,100.02,0.03,29.91,11.73,38.81,3.38,13.23,13.28,1.72,-0.04,-0.05,1.62,-0.01,3.36,1.74,0.07
"36","Z. Namiiro","Byasier Pujan","FWDF",29,1992,0.77,0.08,1.35,-0.09,-0.08,1.48,-0.02,0.02,NA,20.03,0.01,0.05,-0.09,-0.06,0.04,-0.04,-0.04,0.09,44.33,58.68,75.59,658.64,97.19,22.98,30.06,76.25,15.75,21.43,73.26,2.91,2.95,100.03,-0.01,-0.07,0.08,0.03,-0.09,1.48,1.46,-0.07,0.02,0.02,-0.09,0.1,-0.02,-0.08,0.78,-0.01,0.79,13.38,5.28,39.56,0.77,4.51,8.05,0.33,0.08,-0.02,0.29,0.58,0.49,0.08,0
"43","C. Magombo","Djipines","DF",23,1997,4.07,-0.03,0.34,0.3,100,0.24,0.19,-0.04,0,13.35,-0.01,-0.06,-0.06,0.06,-0.01,0.08,0.08,-0.05,25.51,29.27,87.26,578.92,146.75,5.53,5.91,91.72,15.43,16.83,92.43,4.27,6.01,70.89,0.03,0.02,-0.2,0.18,0.75,0.01,-0.01,0.52,0.48,0.57,0.31,0.17,0.06,0.32,0.83,33.33,0.53,10.59,2.91,28.56,7.76,2.73,0.04,1.77,1.25,-0.05,0.5,2.35,2.82,6.45,-0.01
"44","F. Nassolo","Djipines","DF",19,2001,1.44,-0.05,0.02,-0.08,NA,-0.07,0.07,NA,NA,NA,0.02,0.06,-0.03,-0.04,0.09,NA,-0.1,-0.09,40.61,49.31,82.48,792.01,260.68,23.25,23.33,100.08,10.64,13.95,76.12,6.76,10.67,62.49,-0.01,0.13,-0.11,0.74,5.96,0.75,0.07,3.92,0.03,-0.03,0.03,-0.03,0.03,-0.03,2.05,0.04,2,13.94,2.03,14.29,8.74,4.62,0.64,1.98,-0.02,-0.08,1.97,1.35,1.35,3.28,0.59
"45","H. Namara","Djipines","DF",25,1995,3.48,0.3,0.59,0.26,50,0.54,0.37,0.45,1.05,13.84,-0.1,0.02,0.08,0.02,0.02,0.12,0.2,0.26,28.54,35.23,80.74,566.21,259.76,13.29,13.55,97.71,11.51,14.16,81.23,3.54,6.45,54.45,-0.02,-0.01,-0.06,0.36,2.31,0.21,0.03,3,0.5,0.24,0.23,0.03,0.29,0.27,0.53,50.01,0.25,6.78,1.73,26.13,4.03,1.81,0.85,2.72,0.9,-0.04,1.81,0.39,0.79,1.56,0.04
"46","M. Tang","Djipines","DF",27,1993,3.2,0.06,0.93,0.02,-0.04,0.93,0.1,0.07,NA,19.22,0.06,0.06,-0.06,0.01,0.1,0.06,-0.07,0.04,27.72,38.67,71.69,529.7,183.81,10.61,11.89,89.2,13.99,19.07,72.94,3.25,6.79,47.67,0.03,-0.07,0.03,0.05,1.05,0.61,0.38,2.2,1.98,0.62,1.67,0.04,0.32,1.2,1.62,79.97,0.33,14.73,2.51,17.46,6.74,5.41,2.62,2.24,1.34,0.07,0.98,0.73,2.59,4.85,0.09
"47","N. Dekker","Djipines","DF",23,1997,2.97,0.01,0.24,0.01,0,0.31,-0.09,-0.06,NA,13.97,-0.02,-0.08,0.07,-0.01,0,0.1,-0.09,0.01,25.79,29.04,88.43,624.4,215.21,4.35,4.9,86.76,14.79,14.78,100.05,6.77,9.24,71.34,0.01,-0.03,0.04,0.03,2.3,-0.07,-0.05,1.62,2.41,1.31,2.07,0.34,0.09,1.28,1.34,99.91,-0.03,11.08,3.62,33.26,7.42,3.63,0.06,3.04,2.07,0.04,1.07,1.38,3.69,6.69,0.04
"48","T. Alowo","Djipines","DF",31,1989,1.09,-0.05,0.92,-0.09,0.01,1.04,0.03,0.09,NA,9.25,-0.07,0.04,-0.02,0.16,0.02,0.03,-0.02,-0.19,25.07,30.06,83.37,494.06,123.08,8.07,8.09,99.91,14.05,15.06,93.34,3.09,6.91,42.82,0.07,0.07,-0.07,0.06,0.04,0.07,0.07,-0.02,0.91,0.04,1,0.05,-0.09,0.99,2.06,50.01,1.04,9.02,3.06,33.27,4.91,3.93,-0.03,-0.06,-0.04,-0.05,0,0.02,1.02,4.02,-0.03
"49","I. binti Omar","Djipines","DFMF",20,2000,0.87,0.01,-0.09,0.05,NA,-0.08,-0.01,NA,NA,NA,-0.05,-0.04,-0.09,-0.09,0.05,NA,-0.02,0.03,33.85,38.73,87.19,694.91,197.52,8.67,8.65,99.93,17.47,19.91,87.43,6.2,8.73,71.44,0.1,0.04,-0.06,1.29,3.68,1.34,-0.05,4.91,5.02,3.85,1.26,1.31,2.41,2.41,2.52,100.07,-0.09,13.8,5.1,36.33,6.23,7.6,0.02,2.58,1.34,-0.05,1.2,1.17,6.15,5.03,-0.08
"61","B. Klemen?i?","Dosqaly","DF",24,1996,3.38,0.1,0.38,0.23,99.96,0.3,0.31,0.09,0.03,11.3,0,0.06,0,0.01,-0.04,0.14,-0.06,-0.03,51.54,60.09,85.87,853.98,292.46,24.58,27.09,91.07,19.8,24.22,81.38,5.15,6.13,85.05,0.09,0.07,-0.03,0.58,3.85,0.33,0.05,4.54,4.18,0.9,2.12,1.61,0.51,2.43,2.71,88.88,0.32,17.37,5.52,31.54,7.31,6.41,3.73,1.14,0.03,-0.04,1.19,1.92,5.97,1,0.09
"62","B. Luki?","Dosqaly","DF",22,1998,0.93,0.06,-0.02,-0.07,NA,-0.08,0.01,NA,NA,NA,0.07,-0.1,0.08,-0.01,0,NA,0.07,-0.05,41,48.98,83.77,676.02,288.94,23.93,27.06,88.9,13.95,14.94,93.29,2.91,6.04,49.99,0.09,-0.06,0.06,0.07,3.07,1.07,0.1,4.02,0.1,-0.01,0,-0.02,0.06,0,0.96,0.07,1.05,8.07,0.03,-0.1,2.94,5.06,0.01,2,0,-0.09,2.08,3.1,3.09,0.97,0.04
"63","B. Mangwiro","Dosqaly","DF",24,1996,1.42,0.09,0.07,-0.02,NA,-0.09,0.07,NA,NA,NA,-0.09,0,0,0.05,0.08,NA,0.01,-0.03,46.72,53.28,87.47,731.26,212.76,25.94,27.39,95.02,17.25,19.97,86.7,2.05,4.68,42.99,0.04,-0.06,0.03,-0.03,2.64,-0.06,0.07,2.76,0.63,0.61,0.75,-0.06,0,0.05,0.76,-0.07,0.74,21.99,4,18.13,14.66,4.07,3.42,1.24,0.08,-0.06,1.31,1.32,1.99,4.64,-0.02
"64","L. Wilson","Dosqaly","DF",25,1995,0.55,-0.08,-0.03,-0.06,NA,-0.09,-0.04,NA,NA,NA,0.03,-0.08,-0.05,0.08,0.08,NA,0.09,0.07,77.96,81.99,95.05,1568.07,463.92,29.99,32.06,93.77,31.99,31.95,99.99,16.02,16,99.99,0.03,0.07,-0.04,0,5.99,-0.03,-0.05,9.93,2.03,1.93,2.03,0.02,-0.02,0.1,0.09,NA,0.06,15.92,6.08,37.55,14.07,1.92,-0.02,1.94,2.04,-0.02,-0.06,1.94,3.93,10.02,-0.09
"65","N. Kamusiime","Dosqaly","DF",27,1993,1.06,-0.05,0.84,0.1,-0.02,1.04,0.08,0.05,NA,19.09,-0.05,-0.04,0.01,-0.05,0.06,-0.06,0.01,-0.06,56.41,67.24,83.84,755.43,227.32,39.93,43.61,91.61,15.57,18.24,84.96,0.96,1.88,50.03,-0.05,0.22,-0.18,0.81,2.64,1.8,1.73,2.72,0.93,0.94,-0.07,0.85,-0.05,-0.01,0.91,-0.02,0.99,5.53,3.67,66.7,0.99,2.67,1.83,0.07,-0.03,-0.01,0.03,0.96,1.9,-0.07,0.04
"66","Q. Coppola","Dosqaly","DF",25,1995,4.31,0.08,0.07,-0.06,NA,-0.04,-0.04,NA,NA,NA,0.08,0.03,0.05,-0.03,0.04,NA,0.02,0.03,60.43,64.13,94.13,1185.95,338.57,18.39,19.55,94.02,34.69,35.86,96.84,6.71,7.7,87.87,-0.04,0.07,0.04,0.19,3.2,0.32,0.01,3.08,1.42,0.73,1.25,-0.04,0.33,0.89,1.61,57.18,0.64,8.42,3.03,36.01,5.17,3.04,0.21,0.85,0.03,-0.04,0.98,0.86,2.26,3.25,0.03
"67","V. Andersson","Dosqaly","DF",27,1993,4.36,0.03,0.44,0.06,-0.04,0.44,-0.05,0.06,NA,5.93,0,-0.04,0.05,0.09,0,0.18,-0.06,0.02,60.65,64.6,93.98,1405.72,380.86,10.04,9.92,99.95,39.21,40.44,97.14,10.63,13.39,80.77,-0.03,-0.08,-0.04,0.29,7.26,0.41,-0.04,3.93,1.09,0.43,1.08,-0.05,0.01,0.77,0.79,99.91,0.01,7.5,2.56,34.39,4.67,2.72,-0.01,1.56,0.68,0.06,0.84,1.33,2.65,4.51,-0.04
"68","O. Maulana","Dosqaly","DFMF",25,1995,3.35,0.08,0.8,0.03,-0.01,0.85,-0.09,-0.05,NA,22.27,0.02,0.02,-0.05,0.08,-0.02,0.12,-0.04,-0.08,51.84,59.38,87.01,832.13,224.13,27.06,29.7,91.06,21.22,24.38,86.74,2.9,3.6,83.3,0.1,0.02,0.09,0.37,4.5,0.92,-0.03,4.05,2.39,0.96,0.86,0.86,0.68,1.47,2.32,62.5,0.93,13.6,3.85,28.22,4.93,6.18,2.34,1.81,0.04,0.03,1.7,2.38,4.8,0.79,0.03
"81","C. Salihu","Eastern Niasland","DF",25,1995,2.88,-0.03,0.43,-0.05,0.06,0.33,-0.08,0.02,NA,6.09,-0.09,0,0.04,0.04,0.04,0.18,0.05,-0.03,34.7,40.68,85.59,802,287.93,8.67,8.95,96.16,18.31,20.38,89.76,7.59,10.23,73.4,0.04,-0.07,-0.04,0.07,1.3,-0.04,0.06,0.63,4.09,2.01,2.47,1.8,0.06,1.46,3.03,44.42,1.64,16.91,5.53,32.76,11.73,5.09,0.07,2.16,1.74,0.05,0.42,1.05,5.17,3.72,-0.05
"82","K. Pawar","Eastern Niasland","DF",28,1992,3.02,0.35,0.57,0.41,50.02,0.68,0.29,0.57,0.93,22.11,-0.04,0.33,-0.01,0.24,0.04,0.04,0.03,0.35,41.7,56.25,74.09,768.31,375.08,19.71,21.08,93.71,16.01,19.94,80.05,5.6,12.39,45.96,-0.07,0.03,-0.03,0.92,3.27,0.93,0.74,5.75,3.68,1.74,1.29,1.03,1.27,1.09,1.99,50,1,14.27,4.39,30.28,4.26,4.64,5.28,0.6,-0.01,-0.03,0.63,0.64,4.23,1.96,-0.03
"83","S. Doherty","Eastern Niasland","DF",26,1994,2.92,-0.04,0.32,0.03,0.04,0.28,-0.06,0.07,NA,6.09,0.08,-0.04,0.02,0.06,0.16,0.08,-0.12,0.03,34.04,37.86,90.04,689.73,144.55,12.06,13.15,92.19,15.58,16.81,91.71,5.84,6.92,85.08,0.09,-0.04,-0.01,0.71,0.42,-0.03,0.08,1.46,1.3,0.75,1.12,0.26,0.04,0.79,1.69,40.02,0.97,13.17,4.44,34.13,8.96,3.53,0.64,2.78,0.39,-0.04,2.41,2.36,3.8,4.14,0.05
"84","X. Foo","Eastern Niasland","DF",28,1992,2.99,-0.07,0.64,-0.03,0.07,0.76,0.04,0.03,NA,32.15,-0.07,0.05,0,-0.04,-0.01,0.09,0.04,0.08,41.62,53.9,77.19,776,284.26,18.05,21.24,84.35,17.27,20.91,82.47,5.76,9.62,58.51,-0.01,-0.08,0.02,-0.04,1.68,-0.02,0.04,3.03,2.69,1.34,2.02,0.71,0.02,1.38,2.66,49.95,1.28,9.98,2.66,26.65,5.01,3.94,1.09,2.29,0.08,0.05,2.26,3.6,6.41,4,0.05
"85","C. Seidu","Eastern Niasland","DFMF",27,1994,0.37,0.04,-0.09,-0.1,NA,0.08,0.02,NA,NA,NA,0.08,0.09,0.07,0.01,-0.02,NA,0.08,-0.02,20.07,33.29,60,419.96,209.93,3.23,6.75,49.98,9.91,16.75,59.96,3.37,6.73,50.08,0.05,0.03,-0.07,-0.03,-0.07,-0.03,0.06,-0.1,0.01,-0.06,-0.01,0.1,0.06,0,0.01,NA,0,16.67,3.43,20.05,6.6,6.75,3.27,-0.06,-0.09,-0.04,-0.08,3.38,3.27,6.65,0.08
"86","Q. Zee","Eastern Niasland","DFMF",26,1994,1.36,-0.04,3.14,0.81,25,2.97,0.69,0.04,0.1,15.36,0,-0.05,-0.05,0.25,0.19,0.03,-0.2,-0.2,20.78,27.75,75.01,358.59,112.39,9.94,12.21,81.31,9.92,10.72,92.91,0.71,2.37,33.24,-0.05,0.08,-0.04,0.81,0.67,0.82,-0.05,1.56,3.16,2.4,1.59,1.45,-0.04,1.61,2.34,66.69,0.82,19.14,5.41,28.05,9.16,6.94,3.18,1.64,0.09,0.05,1.58,0.78,3.8,0.09,0.03
"92","L. Lau","Eastern Niasland","FWDF",33,1987,0.82,0.1,0,0.01,NA,-0.02,0.05,NA,NA,NA,0.05,0.05,0.1,-0.09,-0.04,NA,0.01,-0.01,17.6,21.3,82.48,304.97,32.53,8.74,9.96,87.5,7.55,10.03,74.96,1.26,1.16,99.93,-0.02,-0.09,0.08,-0.07,-0.02,-0.05,0.1,1.28,0.03,0.03,0.06,-0.08,-0.04,-0.07,1.29,0.08,1.25,9.94,4.95,49.94,2.47,4.94,2.52,2.54,1.26,1.16,1.32,0.05,0.08,0.02,0
"102","C. Begum","Eastern Sleboube","DF",31,1989,1.05,0.1,0.01,0.08,NA,0.01,0.05,NA,NA,NA,0.1,-0.06,0.02,-0.04,-0.08,NA,0.09,-0.03,44.03,53.91,81.55,994.97,262.91,12.08,12.04,100.02,23.07,26.97,85.23,8.93,15.09,60.06,0.05,0.04,0.09,0,1.91,0.07,0.03,2,0.1,-0.07,0.09,0.02,-0.02,-0.01,0.09,NA,-0.02,4.07,1.94,50,2,2.03,-0.08,1.1,0.93,-0.04,-0.06,2.03,1.99,3.03,0.95
"103","J. Alamri","Eastern Sleboube","DF",27,1993,3.03,-0.06,0.07,0.05,NA,0.07,-0.06,NA,NA,NA,0.09,0.08,0.06,-0.06,0.08,NA,-0.1,-0.03,36.61,44.03,83.25,750.78,204.68,10.95,11.69,94.21,19.68,19.96,98.33,5.28,11.78,45.77,-0.07,0.05,-0.07,-0.02,1.65,0.41,0.01,1.02,1.77,1.04,0.91,0.7,0.08,1,1.25,75.03,0.29,7.97,2.66,33.35,4.41,3.63,0,0.97,1.01,0.1,0.09,0.35,2.02,5.02,-0.03
"104","N. Schumacher","Eastern Sleboube","DF",30,1990,2.28,-0.06,0.77,0.35,50.1,0.86,0.45,0.04,0.05,17.62,-0.02,0.07,-0.02,0.06,-0.03,0.07,0,0.02,25.73,32.95,77.63,445.22,152.67,10.96,12.17,89.36,12.15,15.76,77.77,1.66,4.31,40.05,-0.07,0.09,-0.09,-0.02,1.35,1.21,0.36,3.01,1.29,0.05,1.39,-0.01,0.07,1.36,3.38,37.51,2.21,13.56,2.6,19.32,6.05,6.06,1.34,2.66,0.03,0.01,2.54,0.94,2.22,2.18,-0.09
"105","P. Sullivan","Eastern Sleboube","DF",33,1987,0.61,-0.08,0.04,0.03,NA,-0.06,0.07,NA,NA,NA,-0.03,-0.06,0,0.03,0.08,NA,-0.06,0.03,24.37,34.24,70.79,430.05,294.23,8.49,9.93,85.61,15.64,19.97,78.53,-0.08,4.29,0.05,-0.01,0.01,-0.06,-0.04,1.51,0.04,0.06,1.44,5.63,2.9,1.37,4.31,0.03,2.95,4.24,66.63,1.51,8.47,1.36,16.7,1.35,7.07,0,0,-0.06,0.01,-0.04,4.37,10.03,7.11,-0.06
"106","V. Purwanto","Eastern Sleboube","DF",37,1983,0.57,-0.07,0.08,0.09,NA,0.09,-0.08,NA,NA,NA,0.06,0.09,-0.01,0.1,0.02,NA,-0.06,-0.01,28.05,36.1,77.78,557.94,216.07,14.01,13.99,99.93,9.93,11.92,83.29,3.96,9.91,40.03,-0.07,-0.08,0.05,-0.04,2.03,-0.06,0.09,6.01,0.07,0.1,-0.05,0.03,-0.03,-0.02,0.07,NA,-0.02,5.92,2.07,33.33,2.08,3.93,0.05,0.06,0.07,0.09,-0.02,-0.05,-0.07,2.02,-0.05
"107","W. Nakyejwe","Eastern Sleboube","DF",25,1995,1.48,0,-0.08,0,NA,-0.04,-0.04,NA,NA,NA,-0.04,0.04,-0.02,-0.07,-0.08,NA,-0.09,0.02,30.05,44.04,68.29,475.25,103.39,11.94,13.91,85.71,16.64,20.78,80.57,-0.1,5.31,-0.1,0.08,0.13,0,0.77,0.73,-0.08,-0.09,1.39,2.66,2.72,2.58,0.08,-0.06,1.32,2.72,49.94,1.26,16.69,6.06,36.06,8.73,4.77,3.41,2.02,0.08,0.1,1.97,0.64,3.32,2.05,0.03
"108","W. Tumwesige","Eastern Sleboube","DF",21,1999,2.54,0.03,0.48,-0.09,0.04,0.34,-0.02,-0.08,NA,10.02,-0.01,-0.07,0.05,-0.05,0.09,-0.06,-0.09,0.06,37.91,46.88,81.18,1031.19,324.83,5.69,5.91,93.37,19.55,20.41,96.03,12.74,19.97,64.06,-0.09,0.09,-0.05,0.05,3.15,0.1,0.07,3.19,2.41,1.56,1.59,0.88,-0.02,1.19,2.47,49.9,1.11,12.35,5.13,41.9,7.2,5.17,-0.03,2.42,1.92,0.34,0.31,2.36,4.81,8.41,0
"109","U. Namugerwa","Eastern Sleboube","DFFW",28,1993,2,-0.07,0.57,0.54,99.98,0.55,0.57,-0.07,0.06,17.28,0.06,0.05,-0.04,0.02,0.05,0.04,-0.01,-0.11,40.44,47.51,85.05,710.45,188.96,18,19.51,92.66,18.62,21.06,88.55,3.37,5.68,58.31,-0.06,0.09,0.08,0.5,2.29,1.4,0.96,1.94,2.31,1.37,2.33,0.08,0.03,0.89,1.88,50.04,0.99,11,3.72,34.76,7.55,2.36,1,0.02,-0.06,-0.07,-0.01,0.45,2.78,2.29,-0.08
"110","R. Nyapendi","Eastern Sleboube","DFMF",24,1996,1.54,0,-0.02,-0.05,NA,-0.01,-0.09,NA,NA,NA,-0.05,0.1,0.07,0,-0.04,NA,-0.03,0.08,54.62,69.31,78.89,1057.23,304.68,24.05,27.97,85.66,20.77,25.98,79.53,8.65,12.07,72.14,-0.06,-0.03,-0.07,-0.05,5.42,0.09,-0.01,4.04,1.28,0.65,1.31,-0.04,-0.08,0.02,4,-0.03,3.91,19.3,5.32,27.59,13.23,4.08,1.98,2.05,0.04,0.09,1.99,-0.05,1.34,2.67,-0.06
"122","A. Dickson","Esia","DF",27,1994,3.73,-0.09,0.34,0.28,99.91,0.33,0.17,-0.09,0.01,8.07,0.01,-0.08,0.02,0.07,0.09,0.35,-0.17,-0.16,69.15,78.92,87.65,1386.84,412.18,22.62,23.89,94.58,36.38,39.72,91.49,9.65,14.27,68.52,0.04,-0.1,0.1,0.33,7.28,0.52,-0.04,5.35,2.28,1.53,0.63,1.51,0.29,1.04,1.22,80.08,0.35,7.31,3.67,50.02,2.31,4.72,0.33,0.5,0.34,-0.05,0.34,0.25,2.71,3.38,-0.09
"123","D. Adu","Esia","DF",26,1994,3.51,0.36,1.76,1.06,66.68,1.79,1.14,0.08,0.28,10.49,-0.07,0.03,0,0.16,0.2,0.24,0.09,0.01,45.31,54.27,83.69,770.29,175.96,20.64,22.37,92.23,20.64,24.53,83.71,3.42,5.65,59.9,0.3,0.23,0,1.34,1.23,1.76,1.08,2.87,0.87,0.53,0.58,-0.06,0.26,-0.02,0.87,0.08,0.91,12.25,2.92,23.26,2.63,6.28,3.36,1.41,-0.09,0.05,1.38,2.91,3.61,1.18,-0.09
"124","D. Svensson","Esia","DF",27,1993,3.98,0.08,0.58,0.25,49.93,0.6,0.16,-0.02,-0.08,9.36,0.06,-0.04,-0.06,-0.06,0,0.09,-0.05,-0.08,69.04,73.41,93.9,1400.42,437.8,19.8,20.37,97.51,41.99,42.78,98.17,6.93,9.75,71.78,-0.03,0,0.09,-0.01,9.17,0.07,0,4.27,0.8,0.34,0.08,0.83,-0.06,-0.03,0.19,-0.07,0.26,9.49,0.94,10.46,3.78,4.96,0.81,1.56,-0.07,0.04,1.49,0.97,1.8,2.23,0
"125","G. Nisha","Esia","DF",25,1995,4.05,0.06,0.29,0.22,100.05,0.3,0.28,-0.1,0,7.54,-0.05,-0.05,-0.05,0.09,-0.02,0.14,-0.06,-0.08,55.54,65.27,85.1,1021.34,261.81,23.24,24.23,95.89,26.27,30.05,87.51,5.47,10.23,53.72,0.21,0.19,0.07,1.66,3.19,3.17,1.19,3.91,1.56,0.99,1.28,0.28,0.07,0.82,1.1,75.09,0.24,7.41,2.27,29.92,2.16,2.9,2.24,0.46,0.31,-0.07,0.34,1.04,2.44,1.32,-0.01
"126","K. Shumba","Esia","DF",32,1988,3.78,0.07,1.26,-0.07,-0.05,1.28,0.09,0.04,NA,8.76,-0.05,-0.02,-0.07,0.11,0.12,0.08,-0.05,-0.11,80.38,85.49,93.97,1815.99,502.12,18.37,18.56,98.66,44,45.66,96.44,17.61,20.32,86.62,0.24,-0.05,0.14,0.64,7.34,0.83,0.08,5.76,2.25,1.03,1.35,0.54,0.24,0.85,2.19,37.44,1.28,8.88,3.24,36.48,5.37,3.01,0.52,0.87,0.6,0.04,0.24,1.43,3.5,5.07,0.01
"127","U. Adjei","Esia","DF",29,1991,0.23,0.08,3.41,-0.02,-0.06,3.18,0.01,-0.06,NA,16.03,-0.05,0.1,0.05,0.05,-0.08,-0.08,-0.03,-0.09,30.04,36.77,81.75,626.79,263.21,6.71,6.7,99.95,13.27,20.06,66.72,6.61,6.64,100.1,-0.08,0.34,-0.33,3.25,0.1,3.33,3.38,-0.02,0.02,0.09,0,0.05,0.03,-0.07,6.74,-0.09,6.62,23.28,6.63,28.53,13.32,9.96,0.03,3.33,-0.06,0.02,3.31,-0.05,0.04,3.3,0.04
"128","L. Mitchell","Esia","DFMF",25,1995,0.2,-0.03,0.03,-0.09,NA,0.02,0.06,NA,NA,NA,-0.06,-0.05,-0.05,0.09,0.06,NA,0.01,0.05,35.08,34.93,100.06,655.01,304.92,10.07,9.91,100.05,24.93,25.04,99.97,0.07,0.01,NA,-0.09,-0.02,0.06,-0.02,0,-0.01,0.1,0.06,0.02,0.08,-0.01,0.02,0.01,0.06,-0.03,NA,-0.05,10.04,0.04,0.08,5.1,4.97,-0.09,4.93,-0.05,-0.09,4.91,-0.04,-0.01,5.05,-0.04
"129","Z. Braun","Esia","DFMF",27,1994,0.31,-0.06,0.02,0.09,NA,-0.03,-0.07,NA,NA,NA,0.08,0.06,-0.09,-0.09,0.05,NA,0.03,-0.07,102.54,112.44,91.01,2157.43,454.9,25,24.93,99.97,60.06,60.04,100.07,14.92,22.55,66.76,0,-0.06,-0.04,-0.02,15.07,2.53,-0.02,7.59,2.6,2.53,2.46,0.09,0.03,2.59,5.03,49.91,2.53,12.45,4.99,40.06,4.93,5.07,2.55,2.42,-0.05,0.03,2.59,-0.06,2.46,2.44,0.1
"132","L. Tu","Esia","FWDF",25,1996,1.28,-0.07,0.84,-0.03,0.04,0.87,-0.03,0.07,NA,26.62,0.03,-0.05,0.74,0.17,0.12,0.1,0,-0.18,39.94,49.24,81.33,626.97,97,22.22,23.19,96.8,14.66,16.27,90.55,2.37,6.2,37.54,-0.07,-0.07,-0.08,0.81,0.68,3.05,1.54,3,1.57,1.59,0.03,0.08,1.44,0.83,0.77,100,0.08,8.44,3.16,36.34,3.16,-0.01,5.36,0.77,-0.05,-0.08,0.83,1.49,3.14,-0.06,-0.09
"133","U. Musa","Esia","FWDF",28,1992,0.14,0.03,0.02,0.05,NA,0.07,0,NA,NA,NA,-0.05,0.08,-0.05,-0.07,0.07,NA,-0.05,0.06,79.96,99.92,80.05,929.94,289.95,49.93,50.02,100.08,20.1,30.03,66.64,0.02,9.99,-0.06,-0.04,0.04,0.03,-0.03,9.92,0.02,-0.06,0.04,0.01,0.07,-0.07,-0.07,-0.01,-0.09,-0.04,NA,-0.02,19.92,9.98,50.01,0.05,10.05,10.04,-0.02,0.05,-0.09,0.04,10.06,10.04,-0.08,-0.09
"141","E. Peng","Galamily","DF",27,1993,5,-0.02,0.2,0.02,-0.07,0.23,0,0.06,NA,13.94,-0.08,-0.08,0.05,-0.01,-0.02,0.03,0.06,-0.05,32.77,38.29,85.87,769.02,228.05,10.05,10.99,90.81,14.03,14.9,94.51,8.86,11.99,73.34,0.39,0.14,0.42,0.11,1.63,0.19,0.01,2.08,0.56,0.61,0.4,0.15,0.08,0.24,0.63,33.38,0.49,7.01,2.44,34.35,4.41,2.38,0.26,2.77,1.63,-0.01,1.23,1.68,2.13,8.65,0.03
"142","F. Saidi","Galamily","DF",30,1991,3.93,0.02,0.33,-0.05,0.1,0.34,0.07,-0.05,NA,6.04,-0.08,-0.05,0.03,0.09,0.02,0.19,0.03,-0.04,36.47,47.02,77.75,637.41,272.03,19.06,20.41,92.64,12.87,15.93,79.75,4.16,9.81,43.57,-0.04,0.05,-0.02,0.43,2.97,0.7,0.07,3.82,2.31,1.42,1.57,0.5,0.29,0.82,2,37.46,1.23,12.85,4.72,37.31,6.85,5.23,0.84,1.25,0.52,-0.09,0.67,3.22,5.46,3.33,0.23
"143","P. Kud?","Galamily","DF",31,1989,4.65,0.09,-0.04,0,NA,0,-0.03,NA,NA,NA,0.04,0.04,0.08,-0.02,-0.09,NA,-0.03,-0.03,31.69,37.38,84.73,754.27,217.21,8.36,8.69,95.17,14.77,16.21,90.79,8.79,12.04,71.98,0.08,0.05,-0.08,-0.1,1.05,0.42,0.1,1.71,0.97,0.8,0.39,0.69,-0.05,0.53,2.12,19.99,1.72,11.44,4.46,39,6.52,4.48,0.48,0.94,0.66,0.05,0.21,1.33,2.39,7.62,0.08
"144","W. Khoury","Galamily","DF",28,1992,0.24,-0.06,-0.03,0.07,NA,-0.01,-0.08,NA,NA,NA,-0.05,-0.02,-0.07,-0.08,-0.04,NA,-0.02,-0.05,56.77,63.23,89.43,1219.98,270.09,13.24,13.27,100.06,36.63,36.65,100.01,6.65,13.28,49.99,0.02,0.01,0.1,-0.08,10.02,0.03,-0.07,0,-0.03,-0.09,-0.06,-0.03,0.08,-0.01,-0.06,NA,0.05,20.03,13.38,66.67,13.32,6.67,-0.1,-0.05,-0.08,-0.04,-0.06,-0.02,0.09,3.34,-0.07
"145","Z. Iqbal","Galamily","DF",28,1992,5.07,0.07,0.58,-0.08,0.07,0.61,-0.03,0.1,NA,23.59,0.01,0.03,0.23,0.05,0.12,-0.02,0,0.06,47.1,65.19,72.09,806.1,473.58,24.82,26.08,95.34,16.32,24,68.23,5.45,13.27,41,0.14,0.21,-0.03,1.41,3.32,2.29,0.95,6.72,2.24,1.2,1.12,0.73,0.21,0.89,1.49,57.12,0.68,14.67,3.67,24.62,6.44,6.24,2.02,2.09,0.34,-0.03,1.62,3.89,6,2.99,0.07
"146","Z. Mugeni","Galamily","DF",28,1992,0.91,-0.09,0.97,0.03,0.04,1.04,-0.03,-0.05,NA,12.02,-0.05,0.09,0.05,0.11,0.17,0.17,-0.2,-0.27,37.95,49.03,77.6,694.92,284.1,19.04,20.1,95.02,13.96,21,66.8,5.08,7.9,62.49,-0.03,0.02,0.08,-0.09,2.93,0.03,0.09,2.02,1,0,1.02,-0.03,-0.01,-0.01,0.94,0.04,1.08,4.02,1,24.94,2.98,0.91,-0.07,0.01,-0.07,-0.03,0.05,1.01,1.94,6.93,0.01
"162","E. Nabaasa","Giumle Lizeibon","DF",28,1992,4.33,0.15,0.64,0.24,33.23,0.66,0.31,0.32,0.96,13.29,0,-0.02,-0.01,0.13,0.11,0.08,0.13,0.07,40.73,53.5,76.08,677.82,290.64,21.53,26.05,83.09,15.31,18.46,83.58,3.57,7.96,44.18,0.09,0.04,-0.05,-0.06,1.83,0.43,0.47,3.22,2.51,1.45,1.72,0.86,0.05,1.8,2.33,79.92,0.41,18.6,8.07,43.72,7.76,6.75,4.21,4.11,0.52,0.09,3.79,2.78,5.3,4.35,0.29
"163","N. Barukh","Giumle Lizeibon","DF",24,1996,0.61,0.03,0.01,-0.05,NA,0,-0.1,NA,NA,NA,0.06,-0.07,-0.01,0,0.04,NA,0.02,0.01,61.71,68.22,90.1,1310.08,336.62,21.62,23.37,92.94,28.31,29.9,94.46,11.63,14.95,77.74,-0.04,0.05,0.08,-0.02,4.99,-0.07,0.08,3.35,1.74,1.71,1.68,-0.08,0.09,0.09,0.08,NA,0.01,3.26,1.62,49.91,1.61,1.66,0.07,-0.09,-0.05,0.06,-0.01,0.03,1.62,1.72,0.04
"164","U. Ionescu","Giumle Lizeibon","DF",35,1985,1.97,-0.08,-0.04,0.07,NA,-0.05,-0.01,NA,NA,NA,0.01,-0.06,0.1,-0.04,-0.05,NA,-0.09,0.06,32.08,42.47,75.21,466.01,95.57,16.02,19.96,79.94,11.96,15.54,77.35,1.58,3.51,42.93,0.09,-0.09,-0.06,-0.06,0.54,0.57,-0.04,1.43,1.44,1.59,1.02,0.5,-0.04,1,2.98,33.22,2.06,11.06,4.94,45.54,1.46,4.06,5.55,1.45,0.93,0.08,0.49,0.07,1.57,1.41,-0.04
"165","V. Inoue","Giumle Lizeibon","DF",28,1992,4.28,0.09,0.56,0.02,0.04,0.53,0.09,-0.1,NA,24.68,0.07,0.04,0.17,0.03,0,0.11,-0.11,-0.14,63.92,77.66,82.23,1322.24,453.64,22.1,24.09,92.17,30.99,34,91.03,10.64,17.15,62.28,0.47,0.17,0.27,2.35,3.94,1.03,0.26,6.69,0.97,0.47,1.01,0.08,0.1,-0.08,0.17,0.04,0.13,12.69,5.75,46.34,6.5,4.16,1.92,0.91,0.03,-0.01,0.96,2.02,2.97,2.75,0.09
"166","W. Longwe","Giumle Lizeibon","DF",28,1992,4.36,0.01,0.74,-0.06,0.02,0.75,0.07,-0.01,NA,15.53,-0.01,-0.07,0,-0.03,0.03,0.06,-0.03,-0.05,50.1,59.14,84.6,990.69,323.74,16.06,17.21,93.18,26.22,29.31,89.64,6.66,11.32,59.14,-0.05,-0.09,-0.04,0.05,3.75,0.4,0.08,3.52,2.99,2.06,1.88,1.26,0.07,0.94,1.41,66.73,0.4,9.84,3.57,35.76,5.21,4.33,0.15,1.66,0.65,-0.07,1.03,2.04,5.2,3.02,-0.04
"167","X. Kawooya","Giumle Lizeibon","DF",33,1987,0.06,0.09,-0.02,-0.05,NA,0.05,-0.01,NA,NA,NA,0.05,0.07,-0.01,0.03,-0.07,NA,-0.08,0.01,9.92,10.07,99.99,180.07,140.08,-0.04,-0.02,NA,10.06,10.02,99.96,-0.05,0,NA,0.02,0.03,0.08,0.04,9.96,0.08,-0.09,9.99,0.04,-0.08,-0.05,-0.06,-0.02,-0.05,0.05,NA,-0.09,10.03,10.02,100.07,9.98,0.05,0.07,10.08,0,0.04,10,-0.04,-0.08,20.02,-0.1
"168","Y. Takeuchi","Giumle Lizeibon","DF",29,1991,3.86,0.06,0.26,0.06,-0.1,0.37,0.04,-0.09,NA,8.1,-0.03,0.04,0.09,0.06,0.01,0.01,-0.07,-0.06,52.87,61.1,86.58,1237.38,412.9,13.11,15.5,84.8,26.65,29.67,89.49,12.6,14.98,84.27,0.05,-0.04,-0.03,-0.1,5.16,0.19,-0.03,5.06,1.09,0.76,0.7,0.26,0.07,0.58,1.33,40.05,0.82,7.6,3.18,41.38,3.62,3.58,0.35,2.07,1.36,0.06,0.73,2.13,3.25,4.26,-0.05
"184","A. Gautier","Greri Landmoslands","DF",23,1997,3.95,0.07,0.23,0.21,100.05,0.21,0.21,-0.02,-0.09,8.07,0.03,0,0.05,0.01,-0.06,0.01,-0.13,0.01,71.41,76.73,93.18,1689,530.91,16.85,16.9,98.44,38.4,38.45,99.39,16.49,20.49,80.45,0.07,0.05,-0.06,0,3.74,0.57,-0.09,3.06,1.1,0.72,0.47,0.54,0.07,0.2,1.04,25.06,0.67,6.35,2.44,39.95,2.98,2.68,0.58,0.76,0.58,0.01,0.18,1.72,2.67,5.78,0.07
"185","C. Busingye","Greri Landmoslands","DF",27,1993,2.97,-0.01,0.09,-0.1,NA,0.09,0.09,NA,NA,NA,0,0.07,0.04,0.09,0,NA,-0.05,0,48.61,58.31,83.41,795.14,243.4,23.17,24.52,94.31,21.72,23.35,92.56,3.03,7,44.93,0.02,0.16,-0.06,0.77,7.3,0.33,0.02,5.59,4.08,2.33,0.71,2.41,1.04,1.99,3.42,60.07,1.46,14.86,5.1,34.94,4.84,6.96,3.15,1.36,0.32,-0.07,1.1,0.07,4.23,0.59,0.02
"186","D. Magoba","Greri Landmoslands","DF",37,1983,4.03,-0.09,0.25,0.17,100,0.28,0.29,0.01,-0.06,11.01,0.05,0.07,0.08,0.08,-0.01,0.11,-0.04,-0.01,61.92,69.28,89.6,1428.22,396.35,17.91,18.57,97.32,30.5,31.45,96.76,13.32,18.81,70.65,-0.04,0.08,0.02,-0.06,2.78,0.31,-0.08,4.33,1.56,0.94,1.35,0.31,0.1,0.43,1.26,40.05,0.75,6.44,2.01,30.78,3.57,2.83,0.29,1.18,-0.1,0.03,1.21,2.22,3.7,2.74,0.04
"187","R. Sanz","Greri Landmoslands","DF",27,1993,3.97,0.25,0.7,0.23,33.34,0.84,0.28,0.4,0.96,21.09,0.01,-0.03,-0.03,0.01,0.08,0.03,0.2,0.16,61.26,68.72,89.07,990.22,328.56,33.3,34.59,96.37,21.98,24.45,89.71,4.91,7.8,64.42,-0.04,0.15,-0.05,0.91,3.41,1.03,0.68,4.35,1.44,1.33,0.79,0.57,0.19,0.15,0.98,24.94,0.82,10.51,5.16,50.09,3.93,5.05,1.43,1.73,-0.08,-0.05,1.68,0.47,2.02,0.71,-0.08
"203","A. Al-Ghamdi","Ledian","DF",34,1986,2.52,0.02,0.31,-0.01,0.02,0.32,0.02,-0.02,NA,27.39,-0.03,-0.1,-0.01,0.07,0.06,0.07,-0.1,0.09,52.29,59.94,87.24,912.67,268.51,25.79,27.67,93.04,23.2,24.21,95.3,3.44,6.55,52.98,-0.06,0.04,0,1.17,1.51,0.85,0.34,1.59,1.49,0.38,1.18,0.39,-0.07,1.14,1.47,74.93,0.41,15.83,3.14,19.46,10.01,5.69,0.06,0.78,-0.04,-0.01,0.69,1.5,3.1,1.85,0.05
"204","H. Mvula","Ledian","DF",35,1985,2.83,0,0.01,0.09,NA,0.06,-0.08,NA,NA,NA,0.04,0.01,-0.06,-0.01,0.06,NA,-0.05,-0.09,36.88,44.52,82.8,658.4,311.4,13.18,14.51,90.59,21.02,24.58,85.82,2.35,4.09,58.24,-0.07,-0.03,0.02,1.34,2.41,1.09,0.09,5.2,2.38,1.08,1.77,0.75,0.06,1.42,1.62,79.98,0.38,19.34,4.92,24.92,14.17,4.45,0.75,3.53,0.38,0.07,3.17,1.3,3.76,4.19,-0.02
"205","O. Patra","Ledian","DF",23,1997,0.04,0.07,29.91,-0.1,-0.04,38.61,-0.05,0.01,NA,12.01,0.04,0.02,0.06,0.96,0.97,0.1,-1.04,-1,79.93,99.91,79.98,1590.09,970.02,50.03,50.06,100.01,20.04,29.91,66.65,9.98,19.93,49.94,0.09,-0.05,-0.08,0,9.95,9.94,-0.06,9.99,-0.08,0.05,-0.04,-0.05,-0.02,0.04,9.92,0.09,9.96,20.04,10.03,49.98,10.08,-0.03,9.95,-0.01,0.03,0.07,0.03,-0.06,-0.08,0.03,-0.07
"206","W. Hagen","Ledian","DF",25,1995,2.97,0.07,0.07,-0.04,NA,0.02,0.03,NA,NA,NA,0.08,0.01,-0.09,-0.09,0.09,NA,-0.07,-0.08,60.06,62.95,95.18,1309.94,418.62,15.03,15.64,95.75,33.35,34.1,98.01,11.69,13.37,87.48,0.07,0.08,-0.01,0.41,1.7,0.02,-0.05,0.39,1.02,0.59,0.62,0.41,0.1,0.23,0.64,49.99,0.31,7.72,2.98,39.17,6.59,1.07,0.09,1.4,0.36,-0.06,0.93,1.93,3.06,6.65,0.43
"207","Z. Wu","Ledian","DF",25,1995,3.04,0.27,0.24,0.24,100.01,0.26,0.3,1.01,1.05,15.9,0.03,0.05,-0.1,0.06,-0.01,-0.01,0.36,0.34,49.91,54.97,90.98,1041.67,240.02,14.8,15.39,95.7,26.69,27.79,96.37,8,10.96,72.69,0.01,0.1,-0.1,-0.01,0.27,-0.05,0.01,0.26,1.4,0.6,1.01,0.38,0.01,0.42,0.75,49.99,0.33,8.62,2.66,30.87,7.35,1.25,0.01,2.66,1.97,-0.1,0.77,1.33,2.66,8.9,0.09
"214","B. Taremwa","Ledian","FWDF",25,1995,1.11,0.01,0.85,0.09,0.04,0.8,-0.04,-0.02,NA,6.95,0.02,-0.02,-0.02,-0.06,0.07,0.04,0.09,0.04,29.93,38.3,78.66,585.48,149.91,11.86,13.51,86.71,13.68,16.43,83.38,4.57,8.12,55.58,0.02,0.03,0.03,-0.06,0.87,1.9,0.83,1.91,1.74,1.77,0.84,0.84,0.05,0.85,3.7,25.03,2.68,26.46,6.28,24.05,12.74,8.99,4.55,1.75,-0.05,0.04,1.84,0.07,1.73,3.71,0.01
"223","A. Pinto","Leoneku Guidisia","DF",27,1993,0.17,0.01,5.09,0.04,-0.08,4.34,0.04,-0.02,NA,29.51,-0.03,0.05,0.07,0.09,0.02,0,0.07,-0.1,19.97,34.95,57.09,234.97,54.96,15.07,15.02,100,5.07,10.01,50.08,0.05,10.1,0.08,0.03,-0.03,-0.07,0.01,-0.1,-0.06,-0.1,-0.07,0.05,0,0,-0.07,0.07,-0.01,-0.07,NA,0,9.95,5.05,50.02,5.06,5.03,0.09,4.9,-0.05,-0.09,5,4.97,5.03,0.02,0.07
"224","D. Young","Leoneku Guidisia","DF",23,1997,0,0.02,0.09,0.08,NA,0.01,0.02,NA,NA,NA,0.04,0.1,0,-0.05,-0.04,NA,-0.09,-0.09,0.01,1.09,-0.05,-0.06,0.01,-0.03,-0.04,NA,0.03,0.1,NA,-0.1,1.03,-0.05,0.05,0.04,0.04,-0.03,-0.06,-0.06,0.08,0.06,0.05,-0.07,0.04,-0.03,0.06,-0.03,0.01,NA,-0.05,-0.07,-0.06,NA,0.06,0,0.01,-0.06,0.09,0.06,-0.03,0.08,0.02,-0.02,-0.09
"225","K. Appiah","Leoneku Guidisia","DF",32,1988,3.02,-0.06,0.38,0.05,-0.08,0.33,-0.06,0.04,NA,5.92,0.09,0.04,-0.04,0.02,0.08,-0.01,0.04,-0.09,26.67,27.96,95.27,514.02,156.99,9.65,9.68,100.01,13.35,13.74,97.57,3.66,4.76,78.69,-0.07,-0.05,-0.09,0.02,0.25,0.26,-0.05,1.68,1.3,0.41,0.77,0.66,0.09,0.76,1.27,49.99,0.74,8.66,3.09,34.68,7.09,1.71,0.07,1.98,1.72,0.06,0.31,0.65,1.99,9.04,-0.03
"226","K. Mashiri","Leoneku Guidisia","DF",26,1994,2.79,-0.03,0.08,-0.05,NA,0.05,0.03,NA,NA,NA,0.07,-0.1,-0.01,0.04,-0.06,NA,0.03,0.09,29.36,36.81,79.53,492.83,181.49,16.08,17.41,91.86,10.01,12.94,77.78,2.94,5.38,53.21,0.34,0.24,0.13,1.42,1.13,2.15,1.17,3.51,1.73,1.11,1.05,0.03,0.68,1.11,1.86,59.98,0.8,20.72,5.76,27.5,11.47,5.78,3.63,2.21,-0.03,-0.02,2.17,1.8,3.57,4.96,0.07
"227","K. Vitali","Leoneku Guidisia","DF",32,1988,2.78,-0.1,0.05,0.07,NA,0.07,-0.02,NA,NA,NA,-0.07,-0.08,-0.09,-0.04,0.09,NA,0.02,-0.04,22.98,32.17,71.19,398.14,181.03,10.34,11.76,87.93,10.32,12.91,80.66,2.1,7.2,30.1,0.02,-0.06,0.06,-0.07,0.62,-0.07,0.04,2.76,1.83,1.08,1.88,0.01,0.02,1.12,1.34,74.94,0.28,21.85,4.93,22.94,16.82,3.88,0.98,1.71,0.45,-0.02,1.47,1.11,2.81,2.86,0
"228","L. Auma","Leoneku Guidisia","DF",26,1994,2.92,0.04,-0.07,0.05,NA,0.07,-0.04,NA,NA,NA,0,0.06,-0.05,0.1,-0.06,NA,0,0,38.33,50.23,76.26,794.75,310.07,13.65,14.37,95.23,15.03,18.36,81.86,8.66,15.92,54.27,-0.03,0.03,-0.06,0.98,1.63,0.6,0.36,1.61,1.93,0.69,1.07,1.01,0.04,0.67,1.99,33.25,1.29,11.2,2.69,23.53,7.43,4.01,0.1,2.41,1.03,-0.03,1.26,2.31,4.29,8.7,-0.1
"229","M. Olofsson","Leoneku Guidisia","DF",26,1994,0.26,0.08,0.02,-0.09,NA,0,-0.08,NA,NA,NA,-0.1,0.07,0.09,-0.05,0.05,NA,0.08,0.05,55.03,59.99,91.75,765.01,279.98,29.95,29.91,99.96,25.02,24.95,100.1,0.07,-0.06,NA,0.06,-0.08,0.1,0.07,5.03,0.08,0.05,10.1,15.02,9.92,9.96,5.04,0.02,4.98,5.08,100.03,0,35.09,14.93,42.95,24.97,9.98,-0.07,0.02,-0.04,0.08,-0.03,5.07,20.04,-0.07,0.08
"230","Z. Colombo","Leoneku Guidisia","DF",32,1988,2.94,-0.05,0.36,0.01,-0.08,0.32,-0.07,-0.05,NA,10.8,-0.08,-0.05,-0.02,-0.02,-0.03,-0.05,0.08,-0.02,30.99,38.53,80.46,638.22,284.78,8.94,9.06,99.95,18.31,20.28,89.88,3.87,8.98,42.39,0.01,0.02,0.05,0.4,0.68,0.08,0,1.69,1.71,0.64,0.68,1.11,-0.08,0.33,1.05,33.38,0.72,10.63,4.08,38.76,7.91,2.43,0.42,2.04,0.77,0.07,1.38,1.33,3.09,7.24,-0.07
"231","A. Lekuru","Leoneku Guidisia","DFFW",23,1997,0.18,-0.09,0.06,-0.02,NA,0.08,0.08,NA,NA,NA,-0.07,0.1,0.08,0.07,0.04,NA,0.07,0.09,9.93,30.09,33.28,169.95,49.9,-0.05,9.98,0.07,9.96,10.06,100.04,-0.02,0,NA,-0.09,0.01,-0.03,-0.06,10.01,-0.09,-0.06,0.05,0.06,0.05,0.08,-0.03,-0.01,0,-0.03,NA,0.08,39.99,-0.01,0,9.99,30.07,0.06,0.05,0.05,0.06,-0.08,-0.1,-0.04,0,0.05
"242","D. Chiwara","Manlisgamncent","DF",25,1995,1.71,0,0.54,0.05,0,0.45,-0.01,0.01,NA,25.25,-0.04,0.09,0.09,0.07,0.01,-0.02,-0.03,-0.1,42.25,50.53,83.55,715.63,169.41,19.96,21.15,94.69,15.02,16.68,89.94,4.38,8.8,49.93,0.03,0.09,0.1,-0.06,0.04,0.6,0.61,3.42,0.01,-0.08,-0.09,-0.02,0.01,0.04,0.58,-0.05,0.52,7.25,1.76,23.07,4.49,2.25,0.56,0.49,-0.07,-0.08,0.62,1.14,1.19,0.48,-0.05
"243","F. Kawala","Manlisgamncent","DF",19,2002,4.03,0.07,0.69,0.74,99.91,0.82,0.64,-0.09,0,15.21,-0.09,0.07,-0.02,0.14,0.1,0.18,-0.03,-0.05,42.5,50.9,83.23,723.76,282.07,20.98,22.8,91.47,15.84,18.03,87.74,4.12,7.24,56.61,-0.05,0.09,0.03,0.31,1.74,1.43,0.4,3.96,2.25,1.22,0.93,1.04,0.14,0.55,1.39,33.38,0.92,19.73,6.85,34.55,9.51,8.28,1.87,3.13,0.25,-0.06,3.02,2.38,4.57,2.15,0.01
"244","G. Kintu","Manlisgamncent","DF",29,1992,2,-0.06,-0.09,0.04,NA,0.02,0.01,NA,NA,NA,-0.05,0.04,-0.09,0.04,0,NA,-0.05,0.09,44.97,59.06,76.37,767.95,309.05,23.05,24.97,91.98,15.9,19.47,82.01,5.08,11.43,43.53,0.1,0.02,-0.04,0.56,2.07,0.98,0.6,2.55,3,1.59,1.4,1.45,0.09,0.99,1.08,99.99,-0.05,19.58,6,30.72,12.48,4.56,2.54,2.46,0.48,-0.06,2.09,2.05,4.91,4.05,-0.09
"245","M. Apolot","Manlisgamncent","DF",28,1992,0.2,-0.09,-0.06,-0.07,NA,0.04,0.05,NA,NA,NA,-0.08,-0.03,-0.06,0.07,-0.02,NA,0,-0.06,59.9,75.01,79.92,939.99,584.97,30.07,39.99,75.08,30.07,29.96,99.93,-0.02,5.07,-0.02,-0.05,0,0.02,-0.09,-0.04,-0.06,0,-0.01,-0.07,-0.06,-0.07,0.05,-0.08,-0.04,4.91,0.07,5.03,9.92,9.95,100.01,4.95,0.01,4.96,-0.02,-0.02,-0.05,0.09,5.09,4.92,14.96,0.04
"246","M. Tseu","Manlisgamncent","DF",24,1996,2.38,-0.09,-0.06,0.01,NA,0.02,0.01,NA,NA,NA,0.09,-0.04,0.09,0.04,-0.02,NA,-0.07,0.06,39.02,42.17,92.77,918.73,289.13,11.79,12.16,96.44,17.81,17.78,99.91,9.66,11.39,84.62,-0.05,-0.04,0.06,0.03,1.35,0.41,-0.1,0.87,1.75,0.88,1.27,0.45,0.07,0.86,1.29,66.69,0.36,12.19,3,24.93,8.18,3.46,0.47,0.04,0.06,0.06,-0.03,1.66,3.41,4.76,-0.01
"247","Q. Achom","Manlisgamncent","DF",31,1989,2.05,0.06,0.49,-0.07,-0.04,0.59,-0.09,-0.05,NA,27.01,-0.02,-0.09,0.5,0.08,0.03,0.03,0.01,-0.1,49.96,56.93,87.71,1158.06,310.58,11.42,11.53,100.07,26.08,28.48,91.12,12.45,16.44,75.82,0.08,-0.07,-0.05,0.1,0.98,0.04,-0.04,2,-0.02,-0.05,0,-0.05,0.1,0.1,-0.1,NA,-0.06,3.99,1.91,50.01,2.48,1.49,-0.04,1.99,0.98,0.04,1.07,-0.09,0,8.47,-0.04
"248","Z. Ado","Manlisgamncent","DF",31,1989,4.25,0.08,0.09,-0.02,NA,-0.1,-0.02,NA,NA,NA,-0.05,0,0.07,0.05,-0.05,NA,0,-0.1,38.09,40.75,93.66,756.23,250.58,11.15,12.28,90.53,22.1,22.39,99.02,4.67,5.41,86.96,-0.09,-0.07,0.05,0.08,0.95,-0.07,0.1,0.74,0.28,0.19,0.3,-0.09,-0.02,0.31,0.55,50.01,0.29,6.05,1.59,26.85,3.66,2.38,-0.05,0.94,0.7,0.09,0.17,1.89,2.09,3.69,0.09
"253","F. Blanco","Manlisgamncent","FWDF",22,1998,1.37,-0.09,0.01,-0.04,NA,-0.1,-0.04,NA,NA,NA,-0.04,-0.01,0.04,-0.06,0.02,NA,0.08,-0.01,27.67,34.68,79.91,525.4,93.85,11.49,13.14,88.19,11.52,14.59,78.89,3.82,4.54,83.38,-0.01,0.19,-0.27,0.85,0.68,-0.04,-0.08,1.61,2.39,0.86,0.74,1.61,-0.06,-0.07,1.48,0.03,1.56,26.26,8.42,32.44,10.78,10.05,5.33,0.86,-0.06,0.02,0.76,1.51,3.92,-0.08,0.05
"263","C. Popescu","Mico","DF",31,1989,2.91,0.07,1.27,0.68,49.93,1.29,0.6,-0.09,0.02,18.49,-0.05,-0.02,0.07,0.04,0.02,0.04,-0.02,-0.04,56.06,70.03,80.07,924.04,397.32,29.71,31.74,93.76,22.08,26.72,82.57,4.08,9.63,41.31,-0.01,-0.03,0.02,1.64,3.33,2.06,0.35,6.3,3.07,0.74,1.98,0.69,0.34,1.73,2.6,62.53,0.93,9.62,1.23,13.76,3,4.29,2.36,1.02,0.08,-0.01,1.03,1.27,4.33,2.6,0.07
"264","E. Nakayiza","Mico","DF",24,1996,0.61,0.04,1.46,0,0,1.44,0.1,0.06,NA,5.79,-0.1,0.08,-0.08,0.15,0.06,-0.03,-0.21,-0.05,51.41,54.24,94.67,1105.68,401.3,17.02,17.02,99.94,24.26,24.27,100.01,10.09,12.87,77.88,0.02,0.09,-0.05,0.06,7.06,1.41,0.06,7.17,-0.05,-0.02,-0.06,-0.01,0,-0.1,4.31,0.01,4.26,27.11,4.3,15.84,20.1,4.31,2.9,4.24,0.07,-0.05,4.37,-0.06,0.04,8.57,0.06
"265","V. It?","Mico","DF",31,1989,5.82,0.05,0.31,0.25,50.03,0.36,0.18,-0.03,0.04,5.51,0.06,-0.09,0.01,0.19,0.09,0.32,-0.04,-0.11,39.83,44.64,89.1,901.2,278.18,10.21,10.72,93.76,22.27,23.67,94.13,6.93,9.92,70.74,0.07,0.02,0,0.19,2.77,0,0.08,2,2.24,0.83,1.27,1.06,-0.01,0.43,0.42,100.06,0.06,9.2,3.85,42.65,5.16,3.89,0.11,0.93,0.59,0.08,0.42,1.11,3.36,6.21,-0.07
"266","W. Twinamatsiko","Mico","DF",28,1992,5.36,-0.05,1.09,0.43,33.26,1.03,0.32,-0.02,0.09,11.47,-0.05,0.08,0.03,0.02,0.06,0.13,-0.14,-0.07,40.82,46.71,87.73,844.01,282.14,15.2,16.68,91.16,18.97,19.65,96.24,6.38,9.47,66.68,0.05,0.01,-0.13,0.45,3.18,0.06,-0.06,2.09,1.63,1.34,0.95,0.58,0.11,0.91,2.06,45.54,1.07,6.7,2.71,41.61,3.39,3.23,0.16,1.92,0.67,-0.02,1.09,1.92,3.58,5.68,-0.02
"267","X. Kho","Mico","DF",23,1997,6.25,0.39,1.61,1.11,70.06,1.58,1.09,0.14,0.32,15.1,0.09,-0.05,0.04,0.16,0.16,0.03,0.18,0.2,45.02,52.95,85.08,690.48,250.87,24.46,26.69,91.66,17.7,20.69,86.17,2.1,3.36,61.96,0.13,0.18,0.16,0.99,2.33,1.34,0.23,4.33,1.98,1.35,1.67,0.31,0.08,0.82,1.83,45.52,0.92,10.14,3.59,34.34,4.23,3.34,2.65,1.51,-0.07,0.03,1.38,1.48,3.59,1.81,0.09
"268","X. Munkuli","Mico","DF",28,1992,0.16,-0.06,-0.07,-0.05,NA,-0.04,0.08,NA,NA,NA,-0.09,0.07,0,0,0.03,NA,0.01,0.03,20,25,80.05,280.03,94.98,15.01,20.04,75,5.08,5.04,100.07,0.01,-0.07,NA,-0.06,0.03,-0.01,-0.05,-0.04,-0.07,0.06,-0.07,0.03,0.09,-0.06,-0.09,0.05,0.05,0.01,NA,-0.08,-0.02,-0.09,NA,0.02,0.03,0.04,0.05,0.02,-0.09,0.01,0.01,-0.09,-0.01,0.09
"269","Y. Eyotaru","Mico","DF",24,1996,5.79,0.26,0.47,0.25,66.63,0.44,0.43,0.32,0.47,16.05,-0.08,0.09,-0.08,0.12,0.01,0.09,0.12,0.06,45.67,50.27,91.06,876.66,261.1,16.23,17.12,94.91,24.51,26.66,92.1,4.76,6.31,75.78,0.01,-0.08,-0.04,0.08,4.26,0.07,0.1,2.68,0.63,0.19,0.44,0.4,-0.06,0.28,0.68,50.09,0.34,7.58,1.89,25.07,2.67,4.21,0.66,1.06,0.24,0.03,0.63,1.61,2.32,4.21,-0.03
"270","Y. Gashi","Mico","DF",29,1991,3.22,0.09,0.08,-0.04,NA,-0.02,-0.07,NA,NA,NA,0,0.05,-0.02,0.04,0.05,NA,0.03,-0.02,42.25,59.19,71.39,789.43,377.44,19.33,21.28,91.17,15.81,19.77,80.96,6.6,17.12,38.18,0.29,0.38,0.04,2.18,1.26,1.63,1.29,4.34,0.57,0.67,0.38,0.04,0.24,0.1,-0.09,NA,-0.01,7.16,2.8,39.11,4.1,2.52,0.59,1.5,0.37,0.05,1.26,1.16,1.94,3.51,-0.08
"284","C. Imalingat","New Uwi","DF",23,1998,3.07,0.02,-0.06,0.07,NA,-0.03,-0.08,NA,NA,NA,-0.07,-0.01,0,0.09,0.1,NA,0.02,-0.06,33.09,43.08,76.68,709.23,337.01,13.38,14.21,92.99,12.73,13.35,95,6.08,13.64,43.94,-0.05,-0.02,-0.1,0.06,0.96,0.03,0.03,1.41,2,1.68,1.91,0.01,0.07,1.74,2.98,55.69,1.26,12.77,3.94,31.7,9.97,1.94,0.72,1.96,0.09,-0.06,1.97,0.76,2.73,4.4,-0.01
"285","G. Lambert","New Uwi","DF",26,1994,3.08,0.01,0.08,0.06,NA,0,0.02,NA,NA,NA,-0.01,-0.1,-0.07,0.04,0.08,NA,0.02,0.02,17.22,27.33,63.4,299.09,114.2,7.02,7.1,100,7.23,11.35,64.78,1.6,6.94,23.77,-0.04,0.06,0.09,-0.08,0.9,0.03,0.09,0.61,4.35,2.34,3.9,-0.03,0.38,1.02,2.05,50.04,0.95,12.4,4.28,35.1,10.01,1.62,0.77,0.9,0.25,0.03,0.71,2.41,6.75,3.31,0.04
"286","H. Yong","New Uwi","DF",28,1992,2.96,0,0.08,-0.04,NA,0.1,0.07,NA,NA,NA,0.09,-0.1,0,0.04,0.06,NA,0.03,0.03,24.93,29.24,85.22,570.07,165.71,6.1,6.3,94.69,14.96,15.67,95.63,3.91,7.04,57.06,-0.03,-0.03,-0.02,0,0.24,-0.01,-0.1,0.72,1.63,1,1.75,0.03,0.09,0.29,0.59,49.91,0.31,8.77,2.61,30.83,6.95,1.59,0,1.26,0.99,-0.1,0.31,0.05,1.61,8.7,0.23
"287","R. Yakubu","New Uwi","DF",30,1990,2.95,0.28,0.65,0.43,49.92,0.74,0.43,0.57,0.96,13.25,-0.09,0,-0.02,0.2,0.17,0.22,0.15,0.29,21.49,31.48,68.12,325.92,156.56,10.62,11.78,91.23,10.03,14.55,68.96,-0.06,2.42,-0.09,-0.06,-0.04,-0.03,0.01,0.76,-0.09,-0.09,1.4,3.46,2.46,2.03,1.37,-0.02,0.68,3.47,19.98,2.78,21.65,4.85,22.1,14.51,5.19,2.16,5.44,1.06,-0.02,4.48,0.42,3.86,2.68,-0.09
"288","O. Kobugabe","New Uwi","DFMF",30,1991,2.39,-0.08,0.45,-0.05,0.09,0.36,-0.03,0.07,NA,24.42,-0.07,0.03,0.03,0.07,-0.05,-0.03,0.01,0.01,22.15,27.47,81.05,347.81,181.7,12.51,14.85,85.28,8.72,9.94,87.1,0.83,1.83,49.96,0.05,-0.04,-0.08,0.4,0.46,0.37,-0.03,2.11,2.1,0.33,1.75,0.04,0.5,0.4,1.23,33.24,0.83,12.61,2.13,17.1,6.57,3.97,2.08,1.33,-0.06,0.05,1.29,1.39,3.53,0.39,-0.09
"289","W. Dickson","New Uwi","DFMF",32,1988,1.01,-0.08,0.03,0.07,NA,0.08,0.01,NA,NA,NA,0.08,0.01,-0.05,0,0.04,NA,0.05,0.01,25.43,39.04,65,584.48,313.51,7.27,10.81,66.67,9.91,13.68,73.31,7.19,12.71,57.18,0.1,0.04,-0.12,0.92,1.89,1.76,1.84,1.75,1.76,-0.01,1.76,0.06,0.09,0.03,0.86,-0.04,0.84,18.22,6.39,34.92,11,7.34,-0.01,1.73,-0.01,0.05,1.86,3.68,5.43,0.88,0.01
"294","Z. Tuhirirwe","New Uwi","FWDF",24,1996,0.02,-0.07,0.07,-0.09,NA,0.1,0.03,NA,NA,NA,-0.08,-0.05,-0.05,-0.04,-0.05,NA,-0.01,-0.05,70.03,79.9,87.51,1289.97,140.1,30,29.93,100.07,10.06,20.02,49.92,20.09,20.07,100.1,0.03,0.08,0.04,-0.03,0.09,-0.08,-0.04,0.02,-0.09,0.08,0.05,-0.08,0.1,-0.01,0.08,NA,-0.01,39.91,9.93,25,20.05,10.02,9.98,9.99,0.09,0.08,9.96,9.99,10.05,-0.06,-0.07
"302","E. Naik","Nganion","DF",20,2001,2.78,0.09,0.41,-0.07,-0.08,0.37,0.09,-0.08,NA,15.97,-0.07,0.05,-0.01,-0.09,-0.07,0.13,0.01,0.09,98.88,102.96,96.13,2171.31,499.6,18.52,18.57,100.03,65.75,67.08,97.91,14.6,17.08,85.35,0.03,-0.03,0.09,-0.05,4.57,-0.04,0.06,5.08,1.11,0.42,0.75,0.36,-0.05,0.64,0.71,99.93,-0.05,9.34,2.9,30.85,4.21,3.86,1.14,0.37,0,-0.05,0.43,1.37,2.45,1.44,-0.04
"303","J. Khoh","Nganion","DF",26,1995,2.69,-0.06,1.47,0.37,25.02,1.5,0.4,-0.07,-0.1,12.73,-0.04,-0.05,-0.01,0.14,0.19,0.19,-0.23,-0.23,89.21,98.46,90.54,1403.71,397.03,45.21,47.8,94.52,35.65,38.82,91.48,5.66,7.12,78.92,-0.07,0.21,-0.05,1.83,6.62,2.6,0.75,8.49,1.1,0.67,0.29,0.81,-0.02,1.14,1.77,60.02,0.84,10.42,4.8,46.5,3.77,2.53,4.1,1.02,0.4,0.33,0.75,-0.08,1.12,1.11,0.02
"304","J. Wulandari","Nganion","DF",26,1994,6.98,0.22,0.23,0.21,49.91,0.2,0.12,0.55,1.02,17.44,0.08,0.04,-0.06,-0.03,0.05,0.01,0.04,0.1,90.97,96.03,94.69,2087.34,613.23,18.03,18.3,97.71,55.3,57.01,97.08,17.39,20.13,86.42,0.03,0.05,-0.13,0.2,9.21,0.25,0.03,5.19,0.64,0.51,0.35,0.38,-0.08,0.39,0.62,59.97,0.29,5.3,2.21,43.24,1.91,2.79,0.36,0.37,0.28,-0.06,0.05,1.06,1.78,3.6,0.08
"305","Q. Namazzi","Nganion","DF",25,1995,0.77,0.08,3.78,1.34,33.35,3.61,1.15,-0.06,-0.03,21.14,0.04,0.07,0.06,0.31,0.16,0.12,-0.23,-0.25,57.44,62.56,92.05,1082.42,217.52,21.21,21.27,100.09,29.93,32.49,92.27,5.07,7.51,66.8,0.06,-0.06,-0.04,0.05,2.57,1.17,1.21,1.3,1.33,1.25,0.08,1.28,0.1,1.2,1.25,99.96,-0.01,10.01,5.02,50.08,2.43,6.34,1.2,0.08,0.08,-0.08,-0.02,0.04,1.33,1.31,-0.03
"306","S. Namugere","Nganion","DF",31,1989,4.47,0.14,1.22,0.75,59.9,1.18,0.66,0.17,0.31,10.79,-0.04,0.01,0.05,0.15,0.14,0.11,0.08,0.1,63.31,72.38,87.7,1139.94,382.28,25.73,27.92,91.81,33.47,37.43,89.09,4.25,5.7,76.03,-0.07,0.12,-0.13,0.85,7.22,0.65,0.22,6.2,0.92,0.38,0.38,0.37,-0.04,-0.09,1.21,0.05,1.1,9.32,4.25,46.22,2.87,4.97,1.37,2.59,0.33,-0.07,2.28,1.23,2.13,1.54,-0.01
"307","V. Nazziwa","Nganion","DF",31,1989,6.17,0.02,0.29,0.14,49.94,0.39,0.17,-0.09,0.04,23.61,0.01,0.07,-0.07,0.08,-0.04,-0.05,0.01,0.02,81.33,94.97,85.64,1386.63,443.98,39.87,43.09,92.57,33.18,38.66,85.76,7.35,10.27,70.37,0.2,0.16,-0.11,1.71,7.82,2.49,0.87,7.02,1.96,1.03,0.44,1.42,0.04,0.99,1.23,85.77,0.25,11.39,4.48,39.99,3.69,6.91,0.72,2.2,0,-0.09,2.15,1.54,3.44,1.46,0.06
"308","Z. Hribar","Nganion","DF",24,1997,4.15,0.09,0.75,0.28,33.21,0.75,0.33,0.04,0.05,14.15,-0.07,0.04,0.02,0.2,0.12,0.2,-0.04,-0.24,96.97,102.84,94.14,2121.1,567.55,25.24,26.18,96.42,53.98,56.12,96.14,17.16,19.71,86.69,0.29,0.09,0.12,0.48,8.1,0.08,-0.02,4.92,1.04,0.39,0.41,0.49,0.09,0.32,0.53,50,0.21,5.25,2.71,49.91,2.09,2.93,0.32,0.69,0.42,-0.09,0.2,1.03,1.9,2.63,0.27
"309","D. Nasser","Nganion","DFFW",25,1996,0.27,0.09,-0.07,0,NA,-0.07,0.05,NA,NA,NA,0.09,0.02,-0.06,-0.05,0.04,NA,-0.08,-0.09,70.03,80.08,87.53,1310,89.91,34.94,35.08,99.99,25.05,24.9,99.99,10.05,15.04,66.62,0.05,0.06,-0.03,-0.05,-0.08,-0.05,0,-0.01,0.03,0.09,0.09,-0.03,-0.07,0.06,-0.08,NA,-0.06,0.09,0.05,NA,-0.02,0.1,0.08,0.09,0.09,-0.02,0.09,0.07,-0.05,-0.04,0.09
"323","A. Nangobi","Ngoque Blicri","DF",29,1991,2.43,0.08,0.73,0.05,-0.06,0.81,0.06,0.04,NA,5.91,0.02,0.03,0.06,0.1,0.02,0.04,-0.01,-0.16,34.17,36.62,93.15,660.01,112.43,9.91,11.28,88.92,20.39,20.83,98.09,2.91,3.83,77.81,-0.04,0.08,0.06,0.01,-0.07,0.03,0.08,0.4,2.59,1.57,2.45,0,-0.01,0.45,1.34,33.31,0.88,14.21,5.03,35.24,9.61,3.8,0.82,1.67,0.76,0.08,0.78,3.68,6.31,9.14,0.03
"324","B. Opoka","Ngoque Blicri","DF",29,1991,0.98,-0.07,0.01,0.09,NA,0.01,0.05,NA,NA,NA,-0.08,0,0,-0.08,0.04,NA,-0.09,0.01,62.94,76.95,81.87,1526,383.93,12.08,12.07,99.92,39.04,42.94,90.67,11.97,19.08,63.18,-0.09,-0.03,0.06,1.07,5.91,-0.04,0.05,2.95,1.94,1,1.08,0.98,0.07,0.93,2.05,50.01,0.98,19.1,2.08,10.41,11.09,8.08,-0.09,2.07,0,-0.05,2.05,4.97,6.98,8.01,0.03
"325","K. Ray","Ngoque Blicri","DF",19,2001,0.01,0.05,0.03,-0.02,NA,-0.07,0.09,NA,NA,NA,-0.01,0.02,0.09,0.02,0.06,NA,0.07,0.02,90.07,109.95,81.88,1269.94,260.06,60.02,59.91,99.94,29.99,50.07,59.96,-0.05,-0.03,NA,-0.03,-0.06,0.04,-0.04,0.07,0.02,-0.09,-0.06,9.92,-0.1,9.96,-0.07,-0.02,9.96,19.91,50,9.98,60.03,10.07,16.72,20,10.03,29.9,-0.03,0.06,-0.06,-0.02,0.02,10.04,-0.04,-0.07
"326","M. Tumuramye","Ngoque Blicri","DF",26,1994,2.91,-0.09,0.3,0.4,100.02,0.43,0.25,-0.07,-0.08,17.17,0.06,0.05,0.06,-0.01,-0.05,0.05,-0.07,0.03,39.31,54.62,72.03,849.37,309.21,11.91,12.97,92.39,18.77,22.99,81.21,7.32,16.09,45.8,-0.05,0.39,-0.31,2.99,3.04,2.08,1.58,3.73,1.42,0.93,0.92,0.38,-0.07,0.43,1.04,33.39,0.58,13.67,3.6,26.82,5.97,3.94,3.69,1.43,-0.02,0.03,1.4,2.08,3.25,2.39,0.07
"327","M. Vaknin","Ngoque Blicri","DF",28,1992,2.87,0.08,0.27,0.31,99.91,0.44,0.3,0.02,-0.05,14.85,-0.02,-0.07,0.05,0.01,0.09,0.04,0,0.03,26.4,38.97,67.85,594.25,213.13,8.27,8.55,95.75,11.86,18.95,62.28,6.07,9.37,65.36,0.07,0.09,-0.05,1.05,1.76,0.68,0.29,2.95,1.72,0.45,1.04,0.61,0.07,0.32,0.68,49.91,0.46,16.87,3.91,23.32,6.5,6.43,3.93,1.12,0.08,-0.06,1,2.11,3.96,1.72,-0.07
"328","Q. Aini","Ngoque Blicri","DF",23,1997,1.96,0.05,0.56,-0.07,0,0.59,0.03,0.06,NA,31.9,-0.08,-0.07,0,-0.06,-0.07,0.06,-0.02,0.07,34.94,43.95,79.59,921.04,234.91,6.45,8.07,81.36,18.54,21.05,88.02,10.08,15.01,66.71,-0.06,-0.03,-0.09,0.58,3.56,0.93,0.6,2.07,0.45,0.44,-0.08,0.52,0.04,0.03,-0.07,NA,0.04,10.54,3.59,33.23,6.53,2.94,1.06,1.56,0.45,0.07,1,2.06,2.51,3.55,0.05
"329","T. SÃ¡ntos","Ngoque Blicri","DF",25,1995,0.76,-0.1,2.95,-0.01,0.06,2.74,-0.07,-0.03,NA,26.19,0.08,0.04,0.06,0.06,0.07,0.05,-0.22,-0.21,25.68,31.37,81.75,568.64,225.79,5.73,5.76,99.97,14.21,15.66,90.87,5.67,8.67,66.79,-0.03,0.07,0,0.01,1.45,1.34,0.01,2.91,-0.09,0.01,-0.05,-0.04,-0.06,0.05,-0.08,NA,-0.05,12.96,4.27,33.22,4.31,7.09,1.47,1.34,0.06,0,1.52,0.06,0.06,5.63,-0.06
"330","Z. Khan","Ngoque Blicri","DF",24,1996,0.56,0.07,1.62,-0.02,0.08,1.55,-0.09,-0.01,NA,5.98,-0.04,-0.04,-0.03,0.39,0.34,0.17,-0.43,-0.35,23.34,28.25,82.43,551.7,133.29,4.99,4.99,100.01,11.6,15.01,77.89,6.65,8.43,79.94,0.08,0.01,0.04,0.1,1.71,-0.06,0.02,1.67,1.69,-0.07,1.76,-0.01,-0.09,0,0.08,NA,0.07,13.27,3.25,25.09,8.33,4.97,0.09,3.35,0,0.04,3.41,1.66,3.37,3.31,-0.05
"331","Z. Singini","Ngoque Blicri","DF",29,1991,0.12,0.08,10.08,-0.08,0.03,7.48,-0.05,-0.07,NA,10.34,0.1,-0.09,-0.01,0.94,1.03,0.19,-0.92,-0.95,30.09,50.08,60.01,380,160.08,19.92,19.91,99.95,10,19.94,49.99,-0.09,10.05,-0.03,0.08,-0.09,0.01,0.06,0.07,0.01,0.01,0.09,-0.06,-0.06,0.1,0.06,-0.06,0.02,0.01,NA,0.03,20.01,0.09,0.05,9.99,9.96,0.08,0.05,-0.06,-0.1,0.04,0.09,0.03,-0.03,-0.02
"332","P. Bauri","Ngoque Blicri","DFMF",24,1996,3.09,-0.09,1.04,0.01,-0.01,0.98,-0.09,-0.06,NA,9.98,0.08,-0.03,-0.08,0.05,0,0.15,-0.17,-0.08,35.31,39.99,88.36,683.01,258.06,14.9,16.76,90.03,16.04,16.99,94.04,3.64,4.98,73.36,0.01,0.1,0.1,0.03,2.27,0.08,0.07,3.95,1.94,1.09,1.42,0.67,0.05,1.06,1.01,99.93,0.04,16.22,4.33,26.41,7.59,6.76,2.08,2.33,0.38,0.06,2.09,2.75,4.67,1.96,0.06
"343","D. BalÃ¡zs","Nkasland Cronestan","DF",25,1995,0.18,0.1,0.02,0.05,NA,-0.08,-0.01,NA,NA,NA,0.04,-0.03,-0.03,0.04,0,NA,0.02,0.09,9.92,19.94,49.98,129.95,130.08,9.92,9.97,100.07,-0.08,10.04,-0.05,0.08,0,NA,0.03,-0.01,0.04,0.03,-0.08,-0.06,0.03,0.06,0.03,0.05,0.05,-0.05,-0.06,-0.03,0.1,NA,0.04,0.01,-0.02,NA,0.05,0.06,0.03,0.04,-0.1,-0.09,-0.05,-0.09,-0.04,-0.08,-0.06
"344","D. Shahar","Nkasland Cronestan","DF",24,1996,2.95,0.08,0.66,0.34,49.91,0.6,0.36,0.09,-0.05,15.6,0.07,0.02,-0.04,0.12,0.05,0.01,-0.07,-0.11,49.94,54.53,91.86,1206.16,253.03,10.2,11.38,90.93,25.49,26.54,96.19,13.32,15.42,86.75,0.08,0.1,0.05,-0.05,4.24,-0.02,-0.04,3.76,2.84,1.4,1.35,1.31,-0.1,0.69,1.37,49.95,0.71,9.65,3.8,39.29,5.24,4.56,-0.08,1.99,0.7,-0.1,1.31,2,4.76,4.11,-0.02
"345","D. Shuaibu","Nkasland Cronestan","DF",28,1992,3.08,-0.05,0.74,0.27,49.99,0.69,0.24,0.04,0.02,23.16,-0.03,0.01,0.02,-0.06,-0.06,0.1,0.04,-0.03,55.32,68.79,80.51,1065.67,426.25,19.79,23.28,84.38,29.01,33.07,87.96,6.01,10.74,56.25,0.06,-0.05,0.07,-0.01,6.71,1.93,0.72,6.37,4.94,2.27,3.42,1.05,0.68,2.61,3.33,80.04,0.64,20.04,6.38,31.73,10.97,4.68,4.42,2.27,0.31,0,1.93,1.92,6.97,3.67,0.29
"346","E. HÃ¤mÃ¤lÃ¤inen","Nkasland Cronestan","DF",31,1989,0.71,0.02,1.31,0.02,0.07,1.29,0,-0.08,NA,14.92,0.08,0.06,-0.09,0.09,0.15,0.18,-0.18,-0.19,45.05,56.23,80.04,827.43,202.58,20.01,19.99,99.96,17.44,21.32,82.35,7.46,15.04,50.08,1.17,0.24,1.04,2.47,2.45,2.43,1.22,3.7,-0.07,0.05,0.1,-0.02,0,0.09,1.16,-0.03,1.16,13.77,2.56,18.27,2.53,7.41,3.78,1.3,1.21,-0.07,-0.07,2.59,2.51,1.2,-0.09
"347","K. Twinomujuni","Nkasland Cronestan","DF",22,1999,1.79,-0.06,0.67,-0.03,0.1,0.57,-0.04,0.1,NA,21.66,-0.02,-0.08,-0.04,-0.05,-0.04,-0.05,-0.04,0.02,18.79,34.2,55.27,337.02,135.37,10.62,14,74.9,6.45,11.26,57.95,1.81,4.71,37.41,-0.09,-0.06,-0.03,0.1,1.78,0.61,0.65,1.84,2.95,2.3,0.01,1.21,1.7,0.62,1.22,50.08,0.66,14.67,2.92,20.06,7.16,5.38,2.25,2.9,-0.03,0.07,2.88,1.77,4.73,1.27,-0.04
"348","S. Ayuba","Nkasland Cronestan","DF",22,1998,2.71,0.02,-0.08,0.1,NA,-0.09,0.06,NA,NA,NA,-0.1,-0.01,-0.06,-0.07,-0.09,NA,-0.03,-0.02,38.43,49.61,77.6,550.78,205.68,24.11,27.34,87.8,11.2,15.81,69.81,2.61,5.26,49.98,0.37,0.09,0.27,1.76,1.75,1.1,0.78,4.46,2.61,2.6,0.31,1.21,1.13,0.77,1.85,40.07,1.14,20.44,7.36,36.46,5.26,9.99,5.2,2.31,-0.07,0.01,2.16,1.17,3.66,1.06,0.31
"349","Y. Meyer","Nkasland Cronestan","DF",32,1988,2.98,0.02,0.24,0,-0.06,0.43,-0.05,-0.03,NA,6.97,0.04,0.06,0.03,-0.03,0.12,0.07,-0.09,-0.12,39.92,46.94,85.04,886.63,230.65,7.33,8.77,84.69,28.4,30.29,93.43,4.25,7.67,56.54,-0.1,0.06,-0.02,0.35,1.61,0.02,0.06,2.99,1.23,0.6,1.01,0.34,-0.07,0.36,0.75,50.03,0.42,8,2.03,24.99,4.41,3.36,0.36,1.43,0.61,-0.05,0.65,1.29,2.73,7.08,-0.04
"350","L. Friedrich","Nkasland Cronestan","DFFW",25,1995,0.83,-0.08,0.05,-0.05,NA,0.03,0,NA,NA,NA,0.05,0.03,-0.06,-0.06,-0.07,NA,-0.04,-0.01,45.65,54.45,83.62,755.6,250.03,27.83,30.09,92.6,13.34,15.51,85.77,4.4,5.48,80.09,1.12,0.74,0.37,5.57,-0.04,6.65,4.43,3.36,2.2,1.07,0.05,1.07,1.16,2.22,2.29,100.01,-0.03,31.1,4.38,14.36,2.13,14.4,14.45,0.05,-0.07,-0.06,-0.06,0.08,2.26,0.08,0
"362","A. Kamusiime","People's Land of Maneau","DF",30,1990,3.22,0.01,0.38,0.04,0.04,0.37,0,0.08,NA,22.61,0.04,0.1,0.24,0.01,-0.06,0.04,-0.13,-0.02,45.52,60.25,75.61,884.05,327.75,18.42,19.42,95.17,19.73,24.75,79.76,6.63,14.03,46.77,0.38,0.04,0.15,1.56,3.43,1.48,0.73,2.55,1.17,0.97,-0.05,0.39,1.04,0.99,2.74,33.32,1.94,16.61,3.74,22.54,5.02,8.08,3.53,1.92,0.32,-0.06,1.63,1.81,3.16,1.34,0.03
"363","C. Muyama","People's Land of Maneau","DF",25,1995,6.47,0.24,0.55,0.08,33.33,0.5,0.23,0.39,0.93,15.97,0.03,0.09,0.05,0.01,0.02,0.16,0.16,0.21,51.32,62.2,82.78,855.82,320.86,26.08,28.23,92.39,19.43,22.96,84.99,4.58,7.54,60.36,0.4,0.28,0.28,1.44,1.95,1.48,0.41,4.29,1.35,0.75,0.32,0.82,0.23,0.85,1.38,55.52,0.69,11.84,2.98,25.08,4.29,5.59,1.79,1.33,0.12,-0.04,1.15,1.49,2.86,1.95,0
"364","K. Mirkovi?","People's Land of Maneau","DF",27,1993,2.1,-0.03,0.08,-0.04,NA,0.09,-0.07,NA,NA,NA,0.02,0.08,0.1,0.08,-0.03,NA,0,-0.08,54.76,59.95,91.31,1277.04,379.05,11.09,10.96,100.03,31.98,31.89,100.09,11.84,16.75,71.37,0.01,0.1,-0.02,0.49,1.35,-0.05,-0.07,0.52,0.41,-0.08,0.52,-0.07,-0.05,0.55,0.54,100.05,0.05,4.3,2.37,55.66,2.29,1.97,0.02,1.03,0.43,0.03,0.39,3.42,3.86,7.2,0.09
"365","M. As","People's Land of Maneau","DF",26,1994,7.4,0.08,0.75,0.01,0.05,0.57,0.09,-0.06,NA,8.44,-0.02,-0.04,0.08,0.13,0.04,0.12,0.01,0,59.21,62.52,94.74,1284.38,332.55,14.13,14.67,96.31,34.63,35.75,97.06,10.38,11.98,85.7,0.01,-0.06,0.07,0.08,2.74,-0.06,0.02,2.04,0.54,0.13,0.25,0.19,-0.04,0.15,0.61,20.09,0.52,6.03,2.07,35.54,3.02,2.74,0.24,1.46,1.26,0.07,0.23,1.26,1.75,3.62,0.01
"366","O. Atim","People's Land of Maneau","DF",30,1990,6.78,-0.09,0.05,-0.03,NA,-0.05,0.02,NA,NA,NA,-0.03,0,-0.05,0,0.02,NA,0.06,0.08,51.54,59.7,86.56,1021.84,299.92,18.79,20.38,92.1,25.49,27.01,94.42,6.86,10.84,63.05,-0.02,0.04,0.05,0.24,4.52,0.3,0.07,2.18,0.48,0.54,0.4,-0.04,0.21,0.27,0.69,49.93,0.39,7.81,2.64,32.77,3.51,3.29,0.87,1.28,0.19,0.01,1.03,2.91,3.3,2.14,0
"367","U. Wright","People's Land of Maneau","DF",27,1993,5.73,0.23,1.38,0.74,49.94,1.43,0.77,0.15,0.26,8.75,-0.09,0.02,-0.06,0.08,-0.02,0.14,0.06,0.13,58.7,64.34,91.08,1322.82,378.26,12,12.81,93.12,36.54,38.54,94.47,9.89,12.49,78.87,0.07,0,-0.06,0.17,6.32,0.31,0.08,3.41,0.42,0.35,0.36,0.09,-0.08,0.26,0.35,49.91,0.15,4.3,1.59,36,2.79,1.33,0.15,1.03,0.36,-0.08,0.6,1.7,2.2,4.65,-0.06
"368","V. Thompson","People's Land of Maneau","DF",21,1999,1.04,0.04,1,-0.09,0.09,0.97,-0.1,0.05,NA,18.32,-0.06,0.1,0.09,0.01,0.13,0.12,-0.04,-0.07,86.02,88.03,97.7,1499.99,448.05,36.07,37.09,97.25,46.96,46.98,100.05,2.99,4.03,74.94,-0.02,0.35,-0.24,1.92,5.04,1.06,0.91,11.08,-0.04,-0.08,0.08,-0.09,0.04,0.09,1.07,-0.06,0.99,8.95,3.02,33.23,5.06,4.01,-0.07,0.94,1.05,1.01,0.02,1.03,1.03,0,0.05
"383","H. Arthur","Quewenia","DF",24,1996,5.61,0,0.49,0,-0.03,0.56,0.07,-0.08,NA,8.48,0.02,-0.01,0.09,0.06,0,0.18,0.04,-0.1,37.89,42.07,90.01,714.07,216.94,12.94,14.19,91.36,20.92,21.58,96.77,4.01,5.73,69.64,-0.01,-0.03,-0.09,0.05,2.1,0.06,-0.06,1.22,1.92,0.97,1.55,0.39,0.09,1.27,2.08,58.31,0.85,10.24,2.3,22.49,6.19,3.23,0.72,0.64,0.55,-0.04,0.15,2.67,4.55,5.37,0.09
"384","K. Oloya","Quewenia","DF",29,1992,0.18,-0.01,-0.08,-0.02,NA,0.03,-0.02,NA,NA,NA,0.02,-0.04,0.02,-0.04,-0.03,NA,-0.03,-0.06,30.07,59.93,49.96,310.06,189.91,20.06,30.01,66.71,9.93,10.07,99.99,-0.06,-0.05,NA,-0.01,0.08,-0.1,0.05,-0.07,-0.07,0.02,0.05,0.01,-0.01,0.04,-0.05,0.02,-0.06,0.04,NA,-0.08,29.99,10.04,33.28,19.95,0.09,9.96,0.07,-0.05,0.05,-0.01,0,-0.01,0.05,0
"385","L. Kule","Quewenia","DF",27,1993,3.37,0.07,0.28,0.04,-0.04,0.4,-0.02,0.04,NA,7.28,-0.07,0.03,-0.09,0.09,-0.07,0.11,-0.06,-0.09,38.81,47.83,80.92,605.73,251.47,22.06,24.23,91.26,13.32,15.54,86.4,2.33,5.42,44.33,0,-0.07,-0.07,-0.03,2.4,0.64,0,2.7,2.46,0.87,1.14,1.2,-0.05,1.26,2.71,44.49,1.52,17.84,4.59,25.42,8.82,6.67,2.43,0.9,0.25,0.07,0.61,2.07,4.63,1.6,0.05
"386","Q. Yadav","Quewenia","DF",25,1995,5.71,0.08,0.82,-0.04,0.02,0.84,0.06,-0.1,NA,13.03,-0.04,0.09,-0.03,-0.01,0.14,0.15,-0.13,-0.09,45.75,50.32,90.93,944.07,353.41,14.18,14.93,95.27,24.57,25.38,96.57,6.17,8.36,72.98,0.02,-0.02,-0.01,0.21,2.56,0.17,0.09,3.21,2.19,1.39,1.65,0.52,-0.08,1.29,2.02,63.68,0.76,11.42,3.44,30.83,6.47,4.71,0.15,1.99,1.08,0.09,0.84,1.76,4,3.43,0.03
"387","T. Candia","Quewenia","DF",28,1992,5.39,-0.02,0.3,-0.03,0.01,0.47,0.05,-0.05,NA,39.04,-0.08,0.18,-0.03,0.2,-0.09,-0.03,-0.11,0.01,42.45,52.74,80.41,848.71,359.55,17.21,17.89,95.82,18.39,21.67,84.3,6.41,11.88,54.09,-0.08,0.13,-0.14,1.91,3.67,1.18,0.47,4.83,2.52,1.04,1.05,0.79,0.67,0.39,0.73,50.02,0.41,12.68,2.54,19.46,7.04,4.26,1.3,2.09,0.97,0.04,1.1,1.56,3.94,1.91,-0.06
"388","W. Okeke","Quewenia","DF",25,1995,2.47,-0.04,0.85,-0.02,0.07,0.78,0.02,0.03,NA,12.17,0,-0.07,0.04,-0.06,-0.05,-0.01,0.04,-0.1,28.26,41.72,68.03,582.54,214.62,9.93,12.45,79.98,12.57,17.19,73.16,5.04,7.84,63.15,0.43,0.23,0.21,1.29,3.39,1.64,0.41,4.25,4.1,2.4,2.45,1.34,0.51,2.98,4.5,63.61,1.57,20.88,5.38,26.01,10.31,5.79,4.67,2.52,0.84,0.03,1.67,2.5,6.62,3.3,0.04
"389","J. Anguko","Quewenia","DFFW",29,1991,3.28,0.02,1.93,1.22,66.61,1.87,1.32,0.08,-0.1,16.77,0.07,-0.05,-0.02,0.17,0.19,0.08,-0.17,-0.22,30.34,39.18,77.69,466.66,120.36,17.11,19.2,90.26,11.68,14.5,80.49,1.25,3.68,33.23,1.35,0.24,1,1.91,1.27,0.87,0.66,2.11,1.27,0.63,0.24,0.55,0.3,-0.02,1.34,-0.08,1.3,14.48,3.42,23.88,3.97,7.15,3.23,0.08,0.07,-0.07,0.08,0.68,1.9,0.6,-0.03
"390","M. Nabukwasi","Quewenia","DFMF",29,1991,2,-0.09,0.99,0.43,50.04,1.02,0.54,0.03,0.1,8.7,-0.08,-0.01,-0.02,-0.05,0.01,0.15,-0.12,-0.05,52.94,61.08,86.64,1226.24,323.24,13.32,13.28,99.96,28.53,30.52,93.76,11,14.75,74.12,0,0.08,0.02,0.05,4.81,0.44,-0.02,2.81,0.53,0.52,-0.1,0.56,-0.06,0,0.42,0.04,0.48,10.99,2.33,21.64,5.81,4.68,0.56,1.81,0.88,0.01,0.92,1.84,2.43,1.47,-0.06
"403","C. Alanazi","Sobianitedrucy","DF",32,1988,2.53,-0.09,0.32,-0.03,0,0.42,-0.08,-0.02,NA,8.07,0.09,-0.1,0.03,0.04,0.02,0.02,0.04,-0.08,61.44,64.59,95.17,1186.49,340.71,26.46,26.9,98.57,23.48,24.27,96.81,10.5,12.25,84.42,0.42,0.09,0.2,1.14,5.29,0.04,0.04,5.32,0.28,0.44,0.38,0.08,0.01,0.41,0.82,49.93,0.41,8.16,2.61,33.22,5.47,2.34,0.4,1.61,0.39,0.09,1.21,3.51,3.89,3.52,-0.05
"404","L. Yulianti","Sobianitedrucy","DF",33,1987,7.6,0.13,0.67,0.22,20,0.62,0.21,0.27,1.01,17.67,-0.01,0.1,0.07,0.17,0.11,0.14,0,-0.06,55.87,63.59,87.95,1354.42,481.59,11.5,11.77,97.62,28.79,30.02,95.91,14.52,20.45,71.26,-0.08,0.05,-0.12,0.3,4.14,0.21,0.08,3.14,0.49,0.35,0.58,-0.02,0.01,0.05,0.42,33.32,0.34,4.23,1.27,31.28,2.44,1.57,0.13,1,0.52,-0.01,0.45,1.65,2.31,3.01,0.07
"405","M. Ayebazibwe","Sobianitedrucy","DF",27,1993,6.47,0.07,0.67,-0.1,0.06,0.86,0,0.03,NA,12.03,0,-0.05,-0.01,0.15,0.18,0.08,-0.19,-0.18,46.09,53.19,86.66,837.6,340.92,20.14,21.52,93.51,19.76,21.79,90,5.18,7.46,68.72,0.06,0.09,0.01,0.55,5.12,0.96,0.24,3.87,3.07,1.59,1.91,0.75,0.31,0.76,1.76,45.56,1,14.43,4.62,31.96,7.07,5.85,1.63,2.72,0.68,-0.08,2.05,2.04,5.13,3.52,-0.09
"406","R. Bogere","Sobianitedrucy","DF",36,1984,4.87,-0.06,0.4,0.17,50.07,0.33,0.2,0.02,0.01,21.18,-0.03,-0.04,0.02,0.01,-0.03,0.14,0.06,0.06,58.63,63.99,91.77,1104.19,281.44,21.22,22.26,95.42,29.37,30.66,96.01,6.76,9.54,70.14,-0.01,-0.04,-0.01,0.16,3.55,0.02,0,2.3,1.31,0.56,1.13,-0.05,-0.03,0.74,0.9,99.9,-0.05,5.8,2.24,39.33,3.27,2.18,0.3,1.56,0.66,0.06,1.1,0.98,2.25,6.2,0.08
"407","S. Kamoga","Sobianitedrucy","DF",21,1999,1.01,0.08,0.05,-0.03,NA,0.04,-0.06,NA,NA,NA,0.03,0.07,0.09,0.02,-0.08,NA,-0.08,-0.08,77.92,82.99,93.98,1560.06,404.91,25.97,26.02,99.99,37.03,37.96,97.42,12.06,15.01,79.91,0.02,0.32,-0.4,2.94,3.05,1.07,1.01,4.07,1.08,1.01,1.08,-0.01,-0.08,0.95,0.91,100.01,0.07,10.05,3.08,29.94,6.07,4.07,0.03,0.94,-0.01,0.01,1.03,0.03,0.91,4.07,0.05
"408","T. Neves","Sobianitedrucy","DF",29,1991,0.48,-0.02,0.06,-0.01,NA,0.09,0.07,NA,NA,NA,0.1,-0.05,0.06,0.09,0.05,NA,0.06,0.03,96.1,114.03,84.19,1851.99,551.92,35.96,42.08,85.76,48.06,49.92,96.06,10.02,19.99,49.98,-0.02,-0.03,0.06,-0.09,6.07,-0.07,-0.01,4.03,0.04,0.08,0.05,-0.1,0.06,-0.07,-0.02,NA,0.1,11.99,2.01,16.75,-0.04,6.09,5.92,0.04,-0.06,0.01,-0.09,-0.02,0,2.01,-0.06
"409","V. bin Ali","Sobianitedrucy","DF",26,1994,3.19,0.07,0.86,0.35,33.29,0.93,0.35,0.02,0.04,17.76,0.01,-0.07,-0.03,0.01,0.15,0.04,-0.05,-0.15,41.97,47.77,87.59,607.16,168.33,23.32,25.32,92.59,16.37,18.75,86.64,0.86,1.63,59.92,-0.02,0.03,0.03,0.54,1.98,0.28,0.01,2.23,1.52,1.24,0.93,-0.05,0.62,0.56,1.26,50,0.59,9.46,2.8,30.03,2.55,4.37,2.59,-0.05,0.07,0.08,-0.02,0.36,1.88,1.89,0.01
"410","Y. Opio","Sobianitedrucy","DF",30,1990,1.77,-0.05,1.13,0.06,0.07,1.19,-0.04,0.03,NA,16.67,0.05,-0.08,0.04,-0.05,-0.09,0.06,-0.01,0.09,43.21,52.3,83.09,842.8,269.46,15.66,16.72,93.38,22.79,26.03,87.15,4.99,8.4,60.03,0.63,0.01,0.54,1.02,6.11,-0.02,0,4.5,2.24,0.64,0.59,0.58,1.18,1.08,1.63,66.74,0.57,11.78,3.97,33.29,5.55,2.68,3.31,1.11,0.1,0.07,1.17,0.51,2.75,-0.02,-0.01
"411","Y. Vitali","Sobianitedrucy","DF",27,1993,4.13,0.08,1.59,0.42,28.58,1.6,0.52,-0.03,0.04,15.01,0.05,-0.01,-0.04,0.06,0.1,0.12,-0.1,-0.14,44.56,51.32,86.59,676.02,207.03,23,24.91,92.32,16.28,18.4,88.2,2.89,4.04,70.63,0.56,0.1,0.35,1.88,4.24,1.39,0.96,3.65,0.44,0.17,0.23,0.01,0.31,0.2,0.62,33.35,0.45,9.74,2.68,26.75,3.02,4.27,2.45,2.2,0.78,0.26,1.53,1.35,1.84,0.9,0.06
"428","A. Acheng","Southern Ristan","DF",25,1995,0.39,-0.07,-0.01,0.02,NA,0.1,0.02,NA,NA,NA,-0.06,0.05,-0.09,0.01,0.06,NA,-0.08,-0.04,33.25,36.78,90.9,420.1,180,23.31,23.23,100.07,9.97,10.1,99.95,0.01,3.32,0.09,-0.02,-0.02,-0.02,0.03,3.36,0.01,0.02,6.57,3.36,3.4,3.27,0.03,0.06,0.03,-0.08,NA,-0.04,16.79,3.38,19.97,3.33,6.59,6.64,-0.06,0.02,0.03,0.09,-0.02,3.36,-0.06,0.05
"429","F. Cho","Southern Ristan","DF",26,1994,0.73,-0.07,1.3,-0.05,0.07,1.2,0.06,-0.02,NA,23.37,0.05,-0.02,0.01,0.22,0.23,0.15,-0.07,-0.16,58.86,68.79,85.55,1022.55,276.23,30.02,31.31,96.04,24.99,27.44,90.81,3.84,6.32,59.99,-0.03,-0.09,-0.01,0.01,3.77,3.76,0.03,9.97,7.51,3.67,6.16,1.26,0.1,3.79,3.75,100.09,-0.09,23.81,5.06,21.12,3.7,13.84,6.22,3.78,-0.08,0.06,3.78,3.71,11.36,1.26,-0.09
"430","H. Nyombi","Southern Ristan","DF",25,1995,2.04,-0.08,0.45,-0.02,0,0.46,0.09,-0.08,NA,25.62,-0.08,0.05,-0.05,0.1,-0.02,0.08,-0.02,0.09,74.01,78.92,93.68,1337.02,367.05,34.46,35.96,95.9,30.56,32.04,95.4,9.08,10.43,85.66,0.08,-0.04,-0.06,-0.1,7.91,0.02,-0.1,2.53,0.59,0.48,0.01,0.56,0.04,0.56,0.44,99.92,0.09,11,2.45,22.78,6.03,4.46,0.42,3.09,2.41,-0.05,0.43,2.47,3.06,2.44,0.43
"431","I. Permana","Southern Ristan","DF",27,1993,4.06,0.51,1.05,0.73,75.04,1.06,0.78,0.54,0.65,14.77,-0.08,-0.05,0.09,0.26,0.11,0.19,0.28,0.28,62.3,70.83,87.91,1103.83,255.59,28.5,31.04,91.86,24.8,27.39,90.79,6.91,8.47,82.48,0.02,-0.02,0.05,0.28,1.41,0.16,0.07,2.7,2.42,0.98,2.08,0.42,0.05,1.84,2.98,58.22,1.34,18.53,2.03,10.85,9.7,7.49,1.29,1.5,0.33,0.03,1.17,2.48,5.05,1.72,0.07
"432","J. Kondowe","Southern Ristan","DF",29,1991,3.69,0.26,1.08,0.19,24.94,1,0.17,0.33,1.05,23.22,-0.06,0.09,0.09,0.31,0.3,0.22,-0.02,0.15,45.41,59.7,75.91,815,286.17,22.74,25.13,90.29,16.82,21.62,77.57,5.48,11.81,45.59,0.61,0.02,0.39,0.83,1.95,0.37,-0.07,4.35,2.52,1.4,1.68,0.8,0.07,1.36,2.7,50.09,1.27,11.53,2.88,25.62,6.55,3.76,1.31,1.62,0.24,0.07,1.4,2.46,4.79,3.41,0.07
"433","L. Oroma","Southern Ristan","DF",30,1990,1.99,0.04,0.05,-0.09,NA,-0.08,0.08,NA,NA,NA,-0.01,0.08,-0.01,0.05,0.03,NA,-0.07,-0.07,84.43,85.42,98.78,1955.58,523.49,15.06,15.48,96.82,52.95,53.03,99.94,16.5,16.47,99.92,-0.06,-0.05,0,0.43,2.42,-0.02,-0.02,1.52,2.02,0.93,1.05,1.06,0.05,1.01,0.91,99.95,0.04,5.56,1.98,36.43,3.45,1.96,-0.04,1.05,-0.01,0.1,1.07,3.01,5.02,3.96,-0.08
"434","O. Salonen","Southern Ristan","DF",31,1989,0.96,0.04,1.98,1.08,50.04,1.81,0.91,-0.01,-0.06,14.62,0.07,0.07,-0.04,0.07,0.09,0.14,-0.17,-0.03,59.96,69.97,85.72,787.02,157.93,38.97,39.95,97.47,16.93,22.92,73.94,1.06,2.02,49.98,-0.07,0.09,0.03,0.95,0.98,0.95,-0.08,1.99,1.93,1.91,-0.05,2.03,0.03,0.08,0.96,-0.08,1.02,15.91,6.95,43.82,0.02,5.94,9.96,-0.1,-0.02,-0.1,-0.01,-0.03,2.01,3.93,0.06
"435","R. Auer","Southern Ristan","DF",35,1985,3.3,0.08,0.35,0.07,0.1,0.25,0.09,0.05,NA,7.93,0.06,-0.02,0.02,-0.02,-0.02,0.24,-0.15,0,53.83,56.59,95.04,1087.56,264.98,14,15.21,91.84,32.15,32.9,98.17,6.84,7.42,91.62,-0.04,-0.1,0.06,0.06,5.38,0.26,0.1,2.19,3.15,2.15,2.21,0.87,-0.07,1.31,1.25,99.95,0.08,8.67,4.46,50.08,5.93,1.85,0.97,2.1,1.82,-0.02,0.26,1.61,4.67,3.69,-0.01
"436","W. Karlsson","Southern Ristan","DF",31,1989,4.04,0.02,0.56,0.02,-0.03,0.47,0.02,-0.02,NA,19.69,-0.07,-0.03,-0.05,0,-0.02,-0.05,0.09,-0.02,66.78,76.52,87.22,1405.94,373.47,23.75,25.27,94.1,33.03,35.42,93.01,10.09,14.52,68.91,0.01,-0.01,0.06,0.07,5.54,0.84,0.06,2.48,0.84,0.02,0.15,0.41,-0.05,0.51,0.65,66.72,0.28,3.74,1.27,33.31,0.98,2.57,0.21,2.26,1.67,0.04,0.49,0.25,0.97,3.01,0.09
"437","X. Nakibuuka","Southern Ristan","DF",33,1987,3.78,0.06,-0.09,0.09,NA,0,0.04,NA,NA,NA,-0.03,-0.01,0.04,-0.03,0.09,NA,0,0.05,74.12,81.21,91.23,1520.53,598.41,26.81,27.62,97.1,35.76,39.24,91.3,11.6,14.25,81.47,-0.07,-0.06,0.03,0.75,4.83,0.17,-0.01,4.04,1.42,1.23,0.44,0.56,0.23,0.17,0.74,33.28,0.58,5.49,1.32,23.75,4.18,1.28,-0.05,1.63,0.45,0.07,1.14,0.45,1.87,4.95,0.04
"438","X. Boateng","Southern Ristan","DFMF",26,1994,0.34,-0.02,0.05,0.01,NA,0.05,0.07,NA,NA,NA,-0.01,0.01,-0.04,0.05,-0.07,NA,0.05,-0.02,26.65,30,88.95,433.27,46.76,13.27,16.79,79.98,13.33,13.21,99.91,0.06,-0.01,NA,0.01,0.1,0.07,0.07,-0.06,-0.04,0.03,-0.07,-0.1,0.09,-0.03,0.03,-0.09,0.08,3.32,-0.02,3.39,19.99,-0.08,0.05,0.05,9.91,9.96,-0.03,-0.04,0.04,-0.04,0.07,0.1,-0.04,0.01
"452","A. Ansah","Varijitri Isles","DF",22,1998,2.57,-0.04,1.13,0.39,33.38,1.25,0.45,-0.06,0.02,9.32,0.06,-0.02,0.09,0.13,0,0.1,-0.08,-0.13,49.29,55.11,89.01,910.31,240.33,20.35,20.85,98.04,22.85,25.21,90.4,6.06,8.78,68.28,-0.01,-0.04,0.1,0.45,1.51,0.07,-0.01,1.24,1.91,0.7,1.18,0.82,0.09,0.07,0.74,-0.09,0.86,16.87,4.41,26.27,11.22,5.68,0.02,2.36,1.19,0.08,1.15,4.83,6.72,6.89,0.06
"453","C. Malkah","Varijitri Isles","DF",21,1999,1.18,-0.01,3.39,3.24,99.95,3.27,3.32,-0.05,-0.02,18.27,-0.08,-0.05,0.1,0.48,0.42,0.13,-0.5,-0.51,38.35,49.12,77.96,631.63,213.36,17.45,20.71,83.9,16.62,19.2,87.06,2.41,5.05,50.01,-0.01,0.14,-0.05,0.77,2.45,0.88,0.76,5.9,4.94,2.45,0.84,3.39,0.89,0.9,1.69,49.92,0.85,10.74,3.25,30.73,3.33,4.08,3.34,0.83,0.09,0.04,0.83,4.09,9.23,1.73,0.01
"454","E. Amony","Varijitri Isles","DF",25,1995,1.7,-0.04,0.48,0.09,-0.04,0.63,0.09,0.02,NA,22,0.02,0.04,-0.02,-0.09,-0.02,0.05,-0.07,0.01,33.82,40.06,84.69,580.57,253.99,15.04,17.22,87.12,13.93,16.69,83.29,3.94,4.93,77.77,0.09,0.05,0.07,-0.08,1.65,1.05,0.56,6.67,0.56,0.04,0.6,0.08,0.07,0.47,1.57,33.34,1.04,15.64,3.81,24.91,10.09,4.93,0.51,2.72,-0.06,0.07,2.84,0.48,1.07,2.16,0.09
"455","L. James","Varijitri Isles","DF",23,1997,3.05,-0.06,0.31,-0.02,-0.01,0.29,0.07,0.05,NA,21.93,0.07,-0.02,-0.03,0.04,-0.04,0.04,-0.07,-0.01,44.22,54.36,81.68,764.61,276.23,22.78,23.95,94.44,14.94,19.94,75.02,4.34,6.99,61.89,0.07,0.1,0.03,0.69,3.63,0.42,-0.06,1.65,1.67,0.62,0.98,0.4,0.29,1.1,3.62,27.32,2.73,22.31,4.41,19.49,11.99,7.67,2.59,3.36,0.34,-0.01,2.95,3.3,4.98,1.34,-0.1
"456","M. Happy","Varijitri Isles","DF",24,1996,3.02,-0.08,0.3,0.08,0.02,0.42,0,-0.01,NA,11.04,0,-0.1,0.03,0.02,-0.03,0.07,-0.02,0.05,54.03,58.37,92.58,1107.62,448.21,20.99,21.67,96.98,24.97,25.71,97.47,7.91,10.24,77.41,0.07,0.09,-0.03,0.07,2.98,-0.03,-0.03,3.26,1.67,1,1.76,0.07,0,0.9,2.07,50.01,1.07,11.25,3.02,26.56,10.34,1.08,-0.07,1.95,1.58,0.1,0.35,0.93,2.71,4.65,-0.04
"468","N. Singh","Varijitri Isles","MFDF",26,1994,1.92,0.06,1.55,1.07,66.6,1.46,0.96,0,0.08,13.96,-0.07,0.06,0.07,0.09,0,-0.02,-0.07,-0.02,58.55,62.94,92.93,1172.99,352.46,21.5,21.99,97.63,27.07,27.44,98.27,9.57,12.09,79.17,-0.09,0.23,-0.17,1.05,5.43,0.59,-0.09,4.46,0.53,0.54,0.6,-0.06,0.03,0.44,0.95,49.9,0.47,13.47,5.08,37.01,6.58,4.92,2.02,0.59,0.43,-0.1,0.09,2.56,2.92,3.02,0.01
"470","H. Komujuni","Xikong","DF",34,1986,3.42,0.03,0.24,-0.06,0.04,0.21,0.06,-0.05,NA,10.84,-0.01,0.01,0.02,-0.09,0.04,0.1,0.07,0.05,34.83,48.24,72.19,714.92,225.05,11,12.87,86.62,17.67,22.8,77.52,5.77,11.46,50.09,0.06,0.01,-0.07,0.27,2.65,0.66,0.31,4.22,1.21,0.64,0.59,0.52,-0.05,0.34,0.94,33.24,0.52,6.31,0.77,13.58,2.47,2.49,1.06,1.94,1.11,0.03,0.82,0.54,1.72,4.84,0.07
"471","Q. Sarfo","Xikong","DF",26,1994,4.27,0.03,0.07,-0.09,NA,-0.08,-0.07,NA,NA,NA,0.03,-0.1,0.04,0.05,-0.07,NA,0.08,-0.07,44.2,49.99,88.49,946.53,329.32,12.19,13.22,91.3,23.56,24.75,95.34,7.97,10.84,72.25,-0.07,0.02,0.07,0.24,2.95,0.33,-0.09,2.5,0.27,0.3,0.27,-0.01,-0.06,0.03,0.18,0.07,0.17,4.69,1.62,35,2.12,2.35,0.18,1.5,0.93,0.01,0.48,1.82,2.13,6.07,-0.06
"472","T. Mbedzi","Xikong","DF",31,1989,4.11,-0.07,0.33,0.03,0.06,0.24,-0.04,-0.07,NA,3.94,-0.07,0.04,-0.09,0.11,0.17,0.33,-0.08,0,31.7,36.88,86.07,655.46,201.07,10.65,12.24,87.93,14.7,15.97,92.21,5.14,7,72.37,-0.07,-0.01,-0.02,0.01,2.71,0.03,-0.06,3.61,0.17,-0.07,0.16,-0.07,0,-0.05,0.67,-0.07,0.77,7.57,1.99,25.83,4.19,3.48,0.07,1.01,0.56,-0.01,0.45,2.63,2.87,10.58,0.32
"473","V. Lao","Xikong","DF",26,1994,0.83,0.02,1.13,0.04,-0.06,1.18,-0.02,0.06,NA,23.94,-0.02,0.08,0.04,-0.04,0.04,0.04,0.09,-0.08,18.88,32.16,58.59,402.2,126.73,5.64,6.63,83.23,9.94,15.63,64.4,3.38,8.95,37.57,0.05,-0.05,0.06,0.05,0.01,-0.03,0.07,0.01,-0.05,-0.06,0.03,-0.05,0,0.06,-0.01,NA,0.03,3.29,1.08,33.23,1.04,1.2,1.08,4.43,2.14,0,2.24,0.04,-0.02,5.6,1.19
"474","X. Ahmad","Xikong","DF",26,1994,3.86,-0.1,0.31,0.33,100.04,0.32,0.35,0.01,0.06,7,0.05,-0.1,-0.01,0.03,0.07,0.16,-0.02,-0.05,20.89,32.73,63.27,369.07,157.88,9.23,10.56,87.81,8.31,12.83,64.07,2.4,7.7,30.07,0.06,-0.05,-0.04,0.2,1.8,0.23,0.21,1.73,1.56,1.26,0.97,0.35,0.19,0.68,1.03,75.02,0.22,6.67,2.08,30.71,3.56,1.87,1.19,1.06,-0.04,-0.02,1.03,0.97,2.64,3.55,0
"475","C. Meunier","Xikong","DFMF",32,1988,0.41,-0.05,0.06,0.07,NA,0,-0.06,NA,NA,NA,0.07,-0.06,-0.02,0.1,-0.02,NA,-0.03,-0.06,18.05,34.06,52.87,413.92,230.08,5.92,7.93,75.01,5.92,11.92,49.92,3.91,12.03,33.23,0.05,0.09,-0.07,-0.09,2.05,-0.08,0.02,2.01,0.08,-0.09,0.05,-0.01,0.08,0,-0.07,NA,0.06,13.94,4.05,28.54,3.92,5.98,3.97,-0.07,0.02,0.05,-0.06,0.08,-0.09,3.94,-0.09
"476","U. Mariani","Xikong","DFMF",27,1993,0.28,0.03,0.07,-0.1,NA,-0.04,-0.01,NA,NA,NA,-0.07,-0.02,0.07,0.05,0.09,NA,-0.01,-0.04,14.96,15.02,99.97,134.96,64.92,15.02,14.91,99.94,-0.07,0.04,NA,-0.07,-0.08,NA,-0.05,-0.07,-0.06,0.06,-0.05,0.07,-0.06,0,-0.01,-0.02,0.04,0.01,-0.1,-0.03,0.05,NA,-0.07,4.92,0.03,-0.03,5.04,0,0,0.08,0.01,0.02,-0.07,4.94,4.99,4.98,0.1
