"","Ô..Player","Nation","Pos","Age","Born","X90s","Gls","Standard.Sh","Standard.SoT","Standard.SoT.","Standard.Sh.90","Standard.SoT.90","Standard.G.Sh","Standard.G.SoT","Standard.Dist","Performance.PK","Performance.PKatt","Standard.FK","Expected.xG","Expected.npxG","Expected.npxG.Sh","Expected.G.xG","Expected.np.G.xG","Total.Cmp","Total.Att","Total.Cmp.","Total.TotDist","Total.PrgDist","Short.Cmp","Short.Att","Short.Cmp.","Medium.Cmp","Medium.Att","Medium.Cmp.","Long.Cmp","Long.Att","Long.Cmp.","Ast","xA","A.xA","KP","X1.3","PPA","CrsPA","Prog","Tackles.Tkl","Tackles.TklW","Tackles.Def.3rd","Tackles.Mid.3rd","Tackles.Att.3rd","Vs.Dribbles.Tkl","Vs.Dribbles.Att","Vs.Dribbles.Tkl.","Vs.Dribbles.Past","Pressures.Press","Pressures.Succ","Pressures..","Pressures.Def.3rd","Pressures.Mid.3rd","Pressures.Att.3rd","Blocks.Blocks","Blocks.Sh","Blocks.ShSv","Blocks.Pass","Int","Tkl.Int","Clr","Err"
"12","J. Otto","Bernepamar","FWMF",32,1988,0.81,-0.03,0.04,0.03,NA,-0.05,-0.05,NA,NA,NA,-0.01,-0.04,0.02,0.07,-0.03,NA,-0.08,-0.06,31.26,38.88,80.68,461.22,75.04,16.2,18.87,86.63,11.32,11.37,99.9,1.26,5.05,24.93,-0.03,0.01,0,-0.05,1.32,1.18,-0.02,1.21,3.83,0.09,1.23,0.01,2.5,1.18,2.43,49.93,1.25,16.27,5.07,30.72,7.44,6.17,2.56,0.09,-0.05,-0.03,-0.04,1.17,5.08,1.17,-0.09
"14","B. Schneider","Bernepamar","MF",25,1995,-0.02,0.06,-0.08,0.08,NA,0.07,0.01,NA,NA,NA,-0.08,-0.01,-0.09,-0.09,-0.04,NA,-0.04,-0.02,0.06,-0.06,NA,-0.04,0.01,-0.05,-0.07,NA,0.08,-0.07,NA,-0.02,-0.02,NA,-0.02,-0.01,0.05,-0.06,0.05,-0.08,-0.07,-0.01,0.09,0.05,-0.06,-0.02,0.05,-0.02,0.09,NA,-0.02,1.07,-0.07,-0.02,-0.05,1,0.09,0.01,-0.02,0.05,-0.1,-0.09,0.06,0.07,0.08
"15","M. Hussein","Bernepamar","MF",30,1990,0.02,0.07,0.03,0.04,NA,0.09,0.02,NA,NA,NA,0.03,0.02,-0.02,-0.02,-0.07,NA,0.06,0.01,1.02,1.01,99.94,17.94,-0.08,0.06,-0.07,NA,1,1.03,100.07,0.06,0.07,NA,-0.04,0.02,0,-0.01,0.01,0.03,-0.03,0.01,1.05,0.04,-0.05,-0.05,1,0.1,0.03,NA,-0.04,1.1,0.05,-0.02,-0.08,0.01,1.07,0,-0.05,-0.01,0.03,-0.06,1.03,1.92,-0.06
"16","N. Kabagambe","Bernepamar","MF",31,1989,1.91,0.06,0.98,-0.05,0.07,0.93,0.06,0.08,NA,24.93,-0.06,0.04,0.09,0.1,0.09,0.09,-0.13,-0.12,39.42,49.08,80.68,669.1,142.59,18.5,21.91,84.15,17.02,19.96,85.05,2.98,4.42,66.8,-0.06,0.09,0.09,0.5,2.44,0.05,0.1,2.06,2.48,0.93,1.97,-0.08,0.42,-0.1,2.92,0.04,3.1,19.98,5.51,27.56,9.91,7.41,2.45,2.04,0.53,0.01,1.49,2.01,4.46,1.96,0.04
"17","T. Al-Zahrani","Bernepamar","MF",22,1998,3.65,-0.04,0.9,0.33,33.38,0.91,0.37,-0.08,0.06,22.07,0.1,0,0,-0.03,0.11,0.05,-0.11,0.02,56.08,62.1,90.18,974.39,196.11,25.06,27.3,91.85,25.67,26.68,95.85,4.5,6.57,66.72,-0.07,-0.05,-0.06,1.1,4.51,0.05,0.02,3.1,2.87,2.31,1.48,1.46,0.07,1.39,3.98,35.68,2.51,29.14,4.98,17.15,9.94,16.5,2.71,2.47,-0.06,-0.02,2.53,0.87,3.66,0.53,0.07
"18","U. Lai","Bernepamar","MF",29,1991,0.66,0.05,1.63,1.61,100.06,1.8,1.76,0.05,-0.05,26.03,-0.1,0.09,-0.07,0.07,0.08,-0.01,0,0.05,76.68,81.66,93.96,1604.91,378.28,25,24.98,99.94,35.01,36.65,95.42,14.97,15.07,99.98,-0.03,0.03,-0.06,0.08,11.6,-0.09,0.07,5.1,4.99,5,3.39,1.58,-0.01,-0.06,0.01,NA,0.07,11.64,5.05,42.84,5,5.09,1.72,-0.03,0.02,-0.04,0.06,1.67,6.59,8.28,0.02
"19","Z. Janssen","Bernepamar","MF",29,1991,4.13,-0.09,0.42,0.07,0.06,0.5,0.09,0.04,NA,18.47,-0.04,0.02,0.02,-0.08,0.11,0.01,-0.01,0.03,40.41,46.68,86.81,734.59,149.26,17.13,19.53,87.42,17.7,18.58,96.08,4.88,6.49,74.02,0.02,-0.09,0.04,0.14,3.87,-0.08,0.05,1.76,1.89,1.48,1.28,0.51,0.18,0.24,1.61,14.21,1.52,17.08,5.28,31.31,8.33,8.14,0.77,1.15,0.29,-0.03,1.01,2.16,4.06,0.69,0.07
"20","H. Sinaga","Bernepamar","MFDF",24,1996,5.31,0.21,0.34,0.28,49.97,0.4,0.11,0.58,1.05,12.98,0.06,-0.01,-0.01,-0.04,-0.01,0.06,0.08,0.13,45.67,55.07,82.91,738.56,145.18,25.27,27.57,91.73,14.71,18.86,77.92,3.94,5.66,70.08,0.17,0.06,0.02,0.67,2.71,1.22,0.4,3.19,2.16,1.63,1.56,0.34,0.42,0.66,1.18,49.92,0.54,18.78,7,37.35,7.59,6.91,4.13,2.68,0.1,0.07,2.55,1.15,3.35,2.11,0.06
"21","K. Mayanja","Bernepamar","MFFW",27,1993,3.14,0.07,2.88,0.97,33.3,2.9,1.01,0.02,-0.03,26.32,0.04,0.28,0.92,0.4,0.16,0.17,-0.5,-0.22,31.26,39.16,80.08,634.73,190.38,12.77,14.07,91.18,12.59,16,78.46,5.37,7.53,70.86,0.38,0.67,-0.42,2.71,2.85,2.13,-0.03,5.37,1.27,0.53,0.58,0.65,0.01,0.72,1.8,33.25,1.26,23.7,6.85,28.93,8.12,11.25,4.43,1.91,0.37,0,1.49,0.89,2.24,-0.06,-0.07
"31","W. Joao","Byasier Pujan","DFMF",21,1999,2.68,0.09,1.61,0.43,24.95,1.6,0.36,-0.07,-0.01,12.04,-0.03,0.04,0.09,0.32,0.32,0.33,-0.3,-0.48,45.74,48.75,93.64,1033.53,233.1,10.89,11.23,96.52,26.47,28.11,94.51,8.53,9.64,88.09,-0.01,0,-0.04,0.09,1.23,-0.09,0.02,2.01,3.24,1.58,1.63,1.57,0.05,1.67,1.71,100.02,0.03,29.91,11.73,38.81,3.38,13.23,13.28,1.72,-0.04,-0.05,1.62,-0.01,3.36,1.74,0.07
"38","A. Nsereko","Byasier Pujan","MF",21,1999,0.17,0.04,0.07,0.07,NA,-0.05,0.05,NA,NA,NA,-0.02,-0.04,-0.07,0.09,0.03,NA,-0.03,-0.01,40.03,59.98,66.78,439.94,79.95,39.93,50.07,80.02,0.08,0.06,NA,-0.01,9.99,-0.02,0.05,-0.02,0.03,-0.04,0.04,9.96,0.05,9.97,-0.01,0.02,-0.08,-0.02,-0.08,0.08,-0.03,NA,0.07,0.04,-0.09,NA,-0.03,0.01,0.08,0.08,-0.03,-0.04,-0.01,0.06,-0.03,0,-0.01
"39","H. Gaillard","Byasier Pujan","MF",23,1997,3.96,0.05,0.07,0.08,NA,0.05,0.09,NA,NA,NA,-0.03,0.07,-0.1,-0.03,0.06,NA,-0.03,-0.07,60.86,68.9,88.14,1055.84,263.33,27.14,31.42,86.25,27.71,28.51,97.31,4.79,6.44,76.05,-0.07,0.03,-0.14,1.01,6.47,1.09,0.03,4.62,1.74,1.33,0.8,0.82,0.32,0.19,0.57,49.91,0.33,17.41,7.42,42.67,4.12,8.16,5.21,1.25,-0.02,-0.01,1.28,1.99,3.83,1.33,-0.06
"40","V. Waswa","Byasier Pujan","MF",30,1990,3.97,0.71,2.52,1.09,39.96,2.41,1.02,0.29,0.67,14.92,-0.02,-0.04,0.04,0.55,0.49,0.14,0.23,0.31,26.95,31.33,86.3,448.46,102.23,13.34,15.08,88.39,9.71,11.02,88.6,2.8,3.52,78.6,-0.02,0.07,-0.11,0.53,2.44,0.45,-0.02,3.72,1.74,0.68,0.57,0.8,0.45,0,0.6,-0.08,0.55,17.33,5.1,29.04,5.23,8.03,3.94,1,0.26,0.05,0.69,1.23,2.92,0.22,-0.05
"41","W. Nabuuma","Byasier Pujan","MF",29,1991,2.64,-0.05,0.37,0.06,0.06,0.42,-0.03,-0.07,NA,20.62,0.1,0.02,-0.07,0.07,-0.06,-0.03,-0.07,-0.09,48.71,58.89,82.93,903.82,178.56,20.34,23.52,86.81,22.36,25.34,87.92,5.33,8.48,63.53,0.08,0.12,0.04,0.73,5.37,0.03,0.09,1.49,1.55,1.07,0.02,1.49,0.01,0.48,2,20.07,1.55,20.02,6.17,30.82,4.69,12.72,2.63,1.55,0.45,-0.05,1.21,0.85,2.22,2.78,-0.04
"42","X. Abramov","Byasier Pujan","MF",18,2002,1.1,-0.05,1.62,-0.07,0.07,1.67,0.06,0.1,NA,23,-0.07,0.01,0.08,0.07,0.01,-0.01,0.01,-0.03,70.81,79.26,89.55,1105.84,326.69,34.18,34.9,97.61,31.75,34.98,90.51,2.44,4.17,59.95,-0.02,-0.03,0.03,0.79,6.66,2.51,0.03,9.93,3.28,0.77,1.76,1.77,0.07,0.81,3.27,24.97,2.52,26.71,4.99,18.84,11.79,10.06,5.07,2.4,0.8,-0.01,1.61,1.73,5.09,0.74,0.02
"49","I. binti Omar","Djipines","DFMF",20,2000,0.87,0.01,-0.09,0.05,NA,-0.08,-0.01,NA,NA,NA,-0.05,-0.04,-0.09,-0.09,0.05,NA,-0.02,0.03,33.85,38.73,87.19,694.91,197.52,8.67,8.65,99.93,17.47,19.91,87.43,6.2,8.73,71.44,0.1,0.04,-0.06,1.29,3.68,1.34,-0.05,4.91,5.02,3.85,1.26,1.31,2.41,2.41,2.52,100.07,-0.09,13.8,5.1,36.33,6.23,7.6,0.02,2.58,1.34,-0.05,1.2,1.17,6.15,5.03,-0.08
"51","C. Mawejje","Djipines","FWMF",23,1997,0.36,0.03,0.01,0.03,NA,-0.06,0.06,NA,NA,NA,-0.08,-0.08,-0.06,0.04,-0.08,NA,-0.07,0.09,12.59,20.03,62.57,280.02,52.48,2.54,4.98,50.04,7.56,7.45,100.02,2.52,5.1,49.99,-0.07,0,-0.02,0.09,0.09,-0.09,0.03,-0.08,-0.01,-0.09,0.01,-0.02,0.09,-0.05,-0.04,NA,-0.06,15.08,2.53,16.75,2.57,-0.01,12.51,7.51,2.43,0.07,5.1,-0.06,0.01,2.49,-0.06
"52","F. Alupo","Djipines","FWMF",28,1992,3.29,0.33,1.85,0.61,33.35,1.91,0.61,0.21,0.57,8.67,-0.07,-0.09,0.04,0.12,0.22,0.03,0.26,0.23,10.01,16.69,60.43,145.33,20.95,6.9,9.13,75.99,1.95,3.41,54.6,0.96,2.14,42.95,0,0.05,0.03,-0.07,0.57,0.37,0.08,0.65,0.05,0.05,-0.02,0.01,-0.03,-0.06,1,0.1,0.9,15.54,3.78,23.95,0.94,10.03,4.69,0.27,-0.05,0.09,0.36,0.23,0.28,2.09,0.04
"54","K. Moretti","Djipines","MF",30,1990,3.67,0.02,0.44,0.07,-0.08,0.5,0.05,0.04,NA,21.11,-0.05,-0.04,0.09,0.05,-0.06,0.05,-0.08,-0.1,30.58,35.38,86.33,574.2,116.96,11.6,13.2,87.9,14.38,15.97,89.84,4.13,5.43,74.94,-0.1,0.08,-0.09,0.35,2.73,0.01,0.08,1.29,1.57,1.27,0.36,1.11,0.26,0,2.39,0.03,2.49,18.36,4.11,22.08,7.29,8.05,2.88,0.57,0.26,-0.03,0.33,1.85,3.54,1.58,-0.07
"55","W. Hon","Djipines","MF",24,1997,3.29,-0.1,0.35,0.07,-0.04,0.39,-0.09,0,NA,25.06,-0.05,-0.06,-0.04,0.03,-0.01,-0.05,-0.09,-0.09,32.1,36.7,87.55,639.67,147.67,12.09,13.33,90.93,13.57,15.58,88.26,5.67,7.02,82.56,0.35,0.07,0.28,1.18,2.45,0.81,0,3.54,1.76,1.5,1.45,0.23,-0.07,1.29,3.37,36.31,2.06,27.31,6.09,22.28,12.69,11.13,3.37,1.53,0.69,0.68,0.86,2.08,3.94,2.38,-0.08
"56","Y. Akampurira","Djipines","MF",20,2000,0.16,0.05,0.04,0.07,NA,0.09,-0.05,NA,NA,NA,-0.07,0.08,-0.01,0.07,0.09,NA,0.04,-0.02,-0.04,0.08,NA,-0.09,0,-0.02,0.09,NA,0.09,-0.04,NA,0.06,-0.06,NA,-0.05,-0.05,-0.09,0.07,0.07,0.01,-0.06,-0.01,0,0.08,0.09,0,-0.09,-0.03,-0.08,NA,0.01,30,9.9,33.24,29.93,-0.01,0.09,19.94,9.94,0.07,9.95,-0.08,-0.09,0.02,-0.02
"57","I. Koomson","Djipines","MFFW",23,1997,3.4,-0.04,1.1,0.55,49.93,1.15,0.5,-0.01,0,19.01,0.08,-0.03,-0.04,0.08,0.01,0.13,-0.04,0,15.17,20.59,73.7,321.16,120.82,6.35,7.51,84.62,4.58,6.6,69.55,3.92,5.43,73.69,0.08,0.08,-0.21,2.83,0.33,1.41,1.1,1.21,1.14,0.33,0.09,0.83,0.35,0.05,-0.06,NA,0.1,15.39,2.87,18.45,1.63,9.38,4.31,1.24,-0.01,-0.03,1.21,0.33,1.36,0.33,-0.04
"58","K. Mohammadzadeh","Djipines","MFFW",30,1990,3.83,0.17,1.76,0.86,42.98,1.74,0.84,0.17,0.39,12.04,0,-0.06,-0.04,0.43,0.34,0.31,-0.1,-0.23,30.29,39.54,76.53,608.54,140.75,13.28,16.69,79.99,11.59,13.34,86.45,5.45,8.56,63.65,0.09,0.15,-0.15,1.05,2.87,1.34,0.26,4.05,1.81,1.36,1.02,0.35,0.61,-0.09,0.19,-0.09,0.32,19.8,3.76,19.5,4.59,10.03,5.11,1.11,0.18,0.07,0.81,1.63,3.25,0.54,0.09
"59","Q. Ariko","Djipines","MFFW",31,1989,3.92,0.04,2.25,0.57,22.12,2.26,0.56,0.03,-0.06,16.25,-0.04,0.3,-0.06,0.42,0.28,0.05,-0.42,-0.17,17.12,26.17,65.61,439.07,169.08,3.77,4.9,79,8.77,10.81,81.05,4.53,8.68,52.83,0.54,0.33,0.11,1.48,3.4,2.34,0.61,4.3,0.25,0.23,0.23,0.03,0.01,-0.06,0.45,0.08,0.47,8.3,1.03,12.41,1.51,3.27,3.27,0.94,0.05,-0.07,1.03,1.02,1.19,1.26,-0.03
"60","T. Cheung","Djipines","MFFW",23,1997,0.59,-0.03,1.64,-0.03,0.02,1.67,0.06,0.08,NA,8.23,-0.04,0.02,-0.07,0.09,0.19,0.22,-0.17,-0.15,25.02,28.22,88.21,348.24,93.33,13.25,13.21,99.93,6.66,8.34,79.94,1.7,3.3,49.93,0.08,0.1,-0.18,1.61,1.58,0.1,0,1.71,5.07,3.4,5.01,-0.03,0.05,1.67,3.4,50.08,1.7,16.79,3.41,20,6.68,6.67,3.42,1.62,1.64,0.02,-0.07,-0.03,5.04,1.71,0
"68","O. Maulana","Dosqaly","DFMF",25,1995,3.35,0.08,0.8,0.03,-0.01,0.85,-0.09,-0.05,NA,22.27,0.02,0.02,-0.05,0.08,-0.02,0.12,-0.04,-0.08,51.84,59.38,87.01,832.13,224.13,27.06,29.7,91.06,21.22,24.38,86.74,2.9,3.6,83.3,0.1,0.02,0.09,0.37,4.5,0.92,-0.03,4.05,2.39,0.96,0.86,0.86,0.68,1.47,2.32,62.5,0.93,13.6,3.85,28.22,4.93,6.18,2.34,1.81,0.04,0.03,1.7,2.38,4.8,0.79,0.03
"73","P. Peh","Dosqaly","FWMF",23,1997,0.26,-0.08,3.33,-0.04,0.06,2.85,0.03,-0.08,NA,19.42,0.01,0,0.08,-0.04,-0.01,-0.05,0.08,0.05,19.91,36.61,54.6,396.73,73.22,6.71,10.09,66.74,10.07,16.68,59.93,3.33,6.7,49.99,-0.04,0.03,-0.06,3.26,0.09,0.06,-0.01,3.37,-0.09,0.09,0.04,-0.06,0.04,-0.08,3.37,0,3.41,13.3,3.34,25.04,3.39,3.38,6.68,0.02,-0.04,0.05,-0.07,0.03,-0.01,-0.09,-0.06
"74","U. Oola","Dosqaly","FWMF",26,1994,0.98,-0.01,1.09,1.01,100,1.14,1.19,-0.04,0.05,27.91,0.04,0.1,0.09,0.08,0.07,-0.04,-0.05,0.03,65.6,67.83,96.68,1288.99,205.69,26.63,26.61,100.09,24.37,25.58,95.73,13.3,14.49,92.3,0.04,-0.02,-0.07,1.14,4.4,1.07,0.08,3.37,1.1,1.1,-0.03,1.15,-0.1,-0.05,1.02,-0.01,1.2,17.83,4.42,25.1,5.55,8.95,3.3,-0.05,-0.08,0.03,0.02,1.21,2.14,2.23,0.08
"75","H. Cardoso","Dosqaly","MF",31,1989,0.38,0,2.59,0,0.07,2.45,-0.09,-0.05,NA,22.08,0.1,0,0.06,0.28,0.3,0.01,-0.33,-0.34,37.46,47.43,78.95,600.09,29.93,22.51,22.46,100,12.42,20.08,62.47,2.56,4.96,50.01,0.07,0.31,-0.25,2.59,-0.01,2.48,2.59,-0.05,-0.09,-0.06,-0.08,0.01,0,0.04,-0.05,NA,0.02,9.99,2.54,24.93,0.06,4.93,4.91,0,-0.06,0.02,-0.08,-0.07,0.01,0,0.08
"76","J. Rukundo","Dosqaly","MF",27,1993,4.28,0.26,1.81,0.41,24.96,1.89,0.46,0.15,0.46,20.65,-0.03,0.04,0.06,0.18,0.15,0.01,0.16,0.18,58.35,68.02,85.61,1078.75,298.68,28.51,32.42,88.22,20.14,22.05,91.35,8.03,11.09,73.82,0.33,0.2,-0.15,1.94,7.67,1.73,0.16,4.74,1.97,1.15,0.69,1.23,0.02,0.28,1.03,25.03,0.75,17.53,5.28,29.7,4.93,10.29,2.38,0.73,0.18,0.06,0.41,1.67,3.51,0.75,-0.1
"77","K. Eyotaru","Dosqaly","MF",23,1997,0.17,0.07,0.05,-0.01,NA,0.01,-0.09,NA,NA,NA,0,-0.07,0.02,-0.05,0.09,NA,0.09,0.07,20.09,30,66.66,309.99,20.09,9.96,9.95,99.96,10.01,20.07,50.04,-0.07,-0.1,NA,-0.05,0.95,-1.04,10.07,0.04,-0.03,-0.09,0.05,-0.08,-0.06,0.09,-0.09,-0.02,-0.02,0.03,NA,-0.02,10.03,-0.04,0.01,0.01,-0.04,10,9.93,9.9,0.09,0.02,-0.01,0.09,-0.03,0.02
"78","M. Matsumoto","Dosqaly","MF",29,1991,4.38,0,0.22,0.02,0.04,0.22,0.03,-0.04,NA,26.98,-0.06,-0.09,-0.02,0.04,0.08,-0.06,0,-0.09,54.06,58.74,91.71,986.06,201.66,25.82,27.7,93.35,20.52,22,93.65,7.11,7.53,96.82,0.05,-0.09,0.01,0.26,5.62,0.28,0.03,3.75,3,1.92,1.56,1.24,0.29,0.52,1,50.06,0.55,21.65,4.48,20.46,7.11,11.46,3.08,1.64,-0.01,0.04,1.68,2.6,5.49,0.29,0.03
"79","M. Sakai","Dosqaly","MFFW",24,1996,0.96,0,4.02,2.09,50,4,1.96,-0.1,-0.06,20.39,0.06,0.04,0.08,0.19,0.06,0.09,-0.18,-0.14,32.97,41.99,78.6,510.02,102.01,18.02,21.92,81.9,13.09,16.1,81.3,2.01,3.99,50.06,0.08,0.23,-0.27,3.91,0.92,-0.1,-0.07,2.98,1.94,1.98,1.06,0.93,0.03,-0.04,-0.09,NA,-0.09,16.94,6.97,41.12,4.95,11.09,0.93,0.07,0.05,-0.03,0.09,0.06,2.09,-0.06,0.09
"80","O. Aboagye","Dosqaly","MFFW",29,1991,3.88,0.27,2.04,0.69,37.5,2.09,0.77,0.11,0.39,19.04,0.07,0.05,-0.04,0.27,0.32,0.06,0.07,-0.01,39.03,48.46,80.43,825.83,194.82,14.13,16.3,86,16.23,17.92,90.03,8.81,13.34,65.42,0.09,0.17,-0.19,2.32,3.83,1.59,0.02,5.14,2.83,2.5,1.05,0.99,0.85,0.75,0.94,75.06,0.33,20.83,6.34,30.91,3.6,11.54,5.68,1.54,0,-0.08,1.52,0.28,3.18,0.86,-0.04
"85","C. Seidu","Eastern Niasland","DFMF",27,1994,0.37,0.04,-0.09,-0.1,NA,0.08,0.02,NA,NA,NA,0.08,0.09,0.07,0.01,-0.02,NA,0.08,-0.02,20.07,33.29,60,419.96,209.93,3.23,6.75,49.98,9.91,16.75,59.96,3.37,6.73,50.08,0.05,0.03,-0.07,-0.03,-0.07,-0.03,0.06,-0.1,0.01,-0.06,-0.01,0.1,0.06,0,0.01,NA,0,16.67,3.43,20.05,6.6,6.75,3.27,-0.06,-0.09,-0.04,-0.08,3.38,3.27,6.65,0.08
"86","Q. Zee","Eastern Niasland","DFMF",26,1994,1.36,-0.04,3.14,0.81,25,2.97,0.69,0.04,0.1,15.36,0,-0.05,-0.05,0.25,0.19,0.03,-0.2,-0.2,20.78,27.75,75.01,358.59,112.39,9.94,12.21,81.31,9.92,10.72,92.91,0.71,2.37,33.24,-0.05,0.08,-0.04,0.81,0.67,0.82,-0.05,1.56,3.16,2.4,1.59,1.45,-0.04,1.61,2.34,66.69,0.82,19.14,5.41,28.05,9.16,6.94,3.18,1.64,0.09,0.05,1.58,0.78,3.8,0.09,0.03
"94","K. Abu","Eastern Niasland","MF",30,1990,0.15,0.04,0.02,0.09,NA,0.06,-0.04,NA,NA,NA,0.07,-0.07,0.08,0.07,0.02,NA,-0.02,0.05,69.93,80.01,87.41,1560.08,499.94,-0.06,-0.09,NA,69.92,70,99.97,0.01,0.05,NA,0.03,0.06,0.06,0.04,19.93,0.03,-0.09,10.04,20.08,10.06,10.05,10.09,-0.02,10.06,10.01,100.07,0.06,19.95,9.94,50.01,10.07,10.02,0.09,0.01,-0.03,0.05,-0.08,-0.03,19.97,0.05,0.07
"95","L. Nangiro","Eastern Niasland","MF",25,1995,2.6,0.03,1.94,0.44,20.09,1.86,0.39,0.03,-0.03,26.45,0.1,-0.02,0.44,0.03,0.13,0.1,-0.08,-0.09,36.5,45.32,80.44,760.3,164.69,12.25,14.29,86.6,15.07,17.33,86.63,6.83,9.97,69.22,-0.1,0.13,-0.15,1.86,4.53,1.18,0.37,3.05,1.98,1.1,1.06,0.37,0.37,0.41,0.72,49.94,0.31,11.13,4.27,37.91,5.84,4.29,1.11,0.34,-0.04,0.04,0.3,1.95,3.82,0.01,0.07
"96","O. Lamunu","Eastern Niasland","MF",30,1990,0.41,0.01,-0.05,-0.03,NA,-0.07,0.02,NA,NA,NA,0.03,-0.07,-0.04,0.07,0.05,NA,0.09,0.03,21.95,25.94,84.54,372,120.05,9.93,9.96,100.1,10.03,12.03,83.3,1.94,1.96,99.97,0.04,-0.1,0.1,-0.04,3.95,0.08,-0.1,2.04,4.06,-0.01,2.05,0,2.05,-0.04,0,NA,-0.01,13.91,2.03,14.35,4.03,6.08,4.08,1.92,-0.1,0,2,4.06,8.03,-0.09,-0.07
"97","O. Sepp","Eastern Niasland","MF",29,1991,2.77,-0.1,0.45,0.42,99.97,0.45,0.27,-0.07,0.06,10.23,0,-0.02,-0.03,0.16,0.17,0.16,-0.12,-0.14,29.7,33.17,89.21,464.37,122.97,15.36,16.81,91.42,12.19,13.87,87.11,1.79,2.24,83.28,0.05,0.09,-0.07,0.31,1.33,0.05,-0.03,3.2,1.48,1.05,0.3,1.06,-0.1,1.15,2.9,37.43,1.73,14.3,6.06,42.41,5.72,7.4,1.14,1.76,0.45,-0.07,1.47,3.55,5.07,0.36,0.01
"98","Q. Isabirye","Eastern Niasland","MF",25,1995,0.25,-0.01,4.93,-0.05,0.08,6.44,-0.09,0.1,NA,15.08,0.05,-0.09,-0.03,0.06,-0.03,-0.07,0.05,-0.01,20.07,19.95,99.96,499.95,-0.01,0.06,-0.05,NA,14.95,14.98,99.96,5.02,4.98,99.93,-0.01,0.05,-0.08,0.08,0.08,0.1,-0.03,0.02,0.07,0.01,0.05,0.08,-0.06,-0.01,0.04,NA,0.06,10.05,-0.09,0.02,5.09,5.04,0.09,10.09,4.96,0,4.9,-0.01,0.04,-0.02,-0.04
"99","A. Mwesige","Eastern Niasland","MFFW",23,1997,0.18,-0.01,10.02,0.09,-0.1,6.84,-0.03,-0.02,NA,7,0.07,-0.06,0.01,-0.06,0.09,0.09,0.06,0.04,20.02,19.91,99.91,300.04,-0.02,10.05,9.99,100.02,9.92,9.9,99.99,0,-0.03,NA,-0.06,0,0.06,0.02,-0.09,-0.07,-0.01,-0.02,0.07,-0.1,0.08,-0.08,0.04,-0.02,0.01,NA,-0.1,29.96,0.08,0.04,10.08,9.93,9.92,10.03,0.02,-0.08,10.05,0.03,0.05,0.02,0.09
"100","I. bin Hassan","Eastern Niasland","MFFW",24,1996,0.68,-0.03,0.02,0.01,NA,0.09,0.03,NA,NA,NA,-0.09,0.08,0.01,-0.07,0.02,NA,-0.1,-0.07,21.7,28.24,76.52,355.05,69.94,10.03,10,100.06,11.64,11.8,99.99,-0.01,6.58,0.07,-0.09,0.02,0.04,1.68,3.34,0.03,0.09,1.66,1.7,-0.03,1.71,0.08,-0.06,1.69,6.59,24.98,5.06,26.73,5.01,18.79,5.06,16.69,4.9,1.67,0.06,-0.08,1.65,1.77,3.26,4.94,0.04
"101","Z. Banda","Eastern Niasland","MFFW",21,1999,3.08,0.05,2.04,-0.08,0.05,2.04,0.06,-0.01,NA,15.52,-0.02,-0.09,-0.05,0.19,0.22,-0.01,-0.19,-0.14,31.28,35.33,88.72,557.37,124.97,13.02,14.37,90.78,14.1,15.23,91.28,3.35,3.62,90.89,-0.03,-0.07,0.08,0.25,2.33,0.27,-0.02,3.6,1.35,0.69,1.09,0.32,-0.05,0.38,0.92,33.29,0.65,13.98,4.75,33.32,2.38,7.94,3.59,0.57,0.09,-0.09,0.74,0.67,2.06,0.74,0.33
"110","R. Nyapendi","Eastern Sleboube","DFMF",24,1996,1.54,0,-0.02,-0.05,NA,-0.01,-0.09,NA,NA,NA,-0.05,0.1,0.07,0,-0.04,NA,-0.03,0.08,54.62,69.31,78.89,1057.23,304.68,24.05,27.97,85.66,20.77,25.98,79.53,8.65,12.07,72.14,-0.06,-0.03,-0.07,-0.05,5.42,0.09,-0.01,4.04,1.28,0.65,1.31,-0.04,-0.08,0.02,4,-0.03,3.91,19.3,5.32,27.59,13.23,4.08,1.98,2.05,0.04,0.09,1.99,-0.05,1.34,2.67,-0.06
"113","W. Ghosh","Eastern Sleboube","FWMF",30,1990,0.35,-0.07,-0.09,0.05,NA,-0.04,0.06,NA,NA,NA,-0.08,-0.08,0.06,0.08,-0.09,NA,0.03,0.02,5,7.49,66.74,80.02,7.45,2.46,5.01,50.03,2.59,2.56,100.02,0.02,-0.03,NA,-0.02,0.09,-0.07,2.51,0.1,-0.06,0.04,0.08,2.49,2.56,2.48,-0.06,0.03,0.04,0.06,NA,-0.04,17.43,5.01,28.67,2.5,7.48,7.58,2.48,-0.08,0.09,2.51,-0.07,2.59,0,0.08
"116","F. Kou","Eastern Sleboube","MF",19,2001,0.57,0.02,-0.03,0.02,NA,-0.07,0.04,NA,NA,NA,0,-0.05,0.03,0.04,-0.07,NA,-0.01,0,21.74,31.65,68.35,530,158.36,1.6,3.39,50.04,15.03,16.77,90.07,5.03,10.09,50.03,0.09,0.01,-0.05,0.07,3.23,1.66,0.02,5.06,11.75,4.96,5.09,6.75,0.05,5.08,6.68,75.03,1.7,35.09,11.76,33.38,14.96,16.68,3.42,1.64,0.07,-0.07,1.6,4.9,16.63,-0.01,0.02
"117","P. Isa","Eastern Sleboube","MF",24,1996,0.66,-0.07,2.81,-0.06,0.02,3.03,-0.06,-0.03,NA,13.8,0.04,-0.06,0.04,0.54,0.65,0.24,-0.66,-0.6,21.39,27.11,78.82,264.39,70.02,15.72,18.61,84.56,4.2,5.67,74.95,-0.06,1.46,-0.01,-0.08,0.06,0.06,-0.09,1.39,-0.02,0.05,1.36,1.34,1.41,0.06,1.41,0.03,0.09,-0.05,NA,-0.03,9.95,4.26,42.98,1.44,7.1,1.44,0.01,-0.02,0.05,0.07,-0.09,1.39,-0.03,0.03
"118","T. Jakobsson","Eastern Sleboube","MF",28,1992,2.3,0.08,1.74,-0.02,0,1.77,-0.01,-0.04,NA,16.06,0,-0.05,0,0.18,0.1,0.15,-0.11,-0.16,31.71,42.25,75.23,638.22,147.31,14.25,16.11,89.17,8.69,12.56,69.05,7.93,11.29,69.16,-0.04,0.04,-0.01,0.5,3.06,0.84,0.87,2.64,3.44,1.79,0.94,2.2,0.48,0.91,2.54,33.26,1.68,23.57,9.93,42.58,6.1,11.38,6.01,1.74,0.48,0.07,1.28,3.11,6.48,1.77,0.06
"119","D. Rahmawati","Eastern Sleboube","MFFW",25,1995,1.82,0.56,1.07,0.53,49.93,1.04,0.6,0.4,0.92,16.71,0.1,-0.08,0.59,0.13,0.21,0.07,0.5,0.34,24.18,31.14,77.91,388.49,88.95,11.69,13.16,87.95,11.12,12.66,87.59,1,3.15,33.29,-0.07,0.32,-0.24,2.17,2.7,2.57,-0.07,4.82,0.98,0.48,-0.06,0.57,0.5,0.57,1.09,50.06,0.52,16.26,6.4,38.74,1.01,8.44,6.92,1.02,0.09,0,0.97,0.02,1.08,0.01,0.07
"120","L. Prasad","Eastern Sleboube","MFFW",24,1996,3.03,0.1,1.72,0.26,19.96,1.61,0.3,-0.04,-0.1,20.66,-0.03,-0.02,-0.01,0.14,0.08,0.08,-0.14,-0.09,33.25,43.32,76.84,616,187.2,13.95,16.05,87.42,12.99,17.03,76.43,5.08,8.37,60.09,-0.04,0.09,0,1.08,1.75,1.97,1.31,3.27,1.65,1.6,0.24,0.66,0.75,1.1,1.31,75.04,0.26,20.77,5.65,27.44,2.95,10.34,7.41,2.08,0.05,-0.1,1.91,1.02,2.64,0.06,-0.06
"121","W. Bwanali","Eastern Sleboube","MFFW",26,1994,2.68,0.05,1.12,-0.02,-0.08,1.06,-0.07,0.03,NA,21.07,0.02,0.08,-0.07,0.1,0.11,0.13,0.01,-0.14,31.57,40.64,77.38,601.17,97.38,12.54,15.97,79.08,13.32,16.28,81.75,5.25,6.96,73.64,-0.04,0.14,-0.1,0.29,2.13,0.32,0.01,1.49,2.9,1.44,1.02,1.82,0.03,0.82,3.4,22.14,2.52,22.7,4.75,21.21,7.33,11.41,3.69,1.92,0.41,-0.06,1.39,2.3,5.24,0.82,0.29
"128","L. Mitchell","Esia","DFMF",25,1995,0.2,-0.03,0.03,-0.09,NA,0.02,0.06,NA,NA,NA,-0.06,-0.05,-0.05,0.09,0.06,NA,0.01,0.05,35.08,34.93,100.06,655.01,304.92,10.07,9.91,100.05,24.93,25.04,99.97,0.07,0.01,NA,-0.09,-0.02,0.06,-0.02,0,-0.01,0.1,0.06,0.02,0.08,-0.01,0.02,0.01,0.06,-0.03,NA,-0.05,10.04,0.04,0.08,5.1,4.97,-0.09,4.93,-0.05,-0.09,4.91,-0.04,-0.01,5.05,-0.04
"129","Z. Braun","Esia","DFMF",27,1994,0.31,-0.06,0.02,0.09,NA,-0.03,-0.07,NA,NA,NA,0.08,0.06,-0.09,-0.09,0.05,NA,0.03,-0.07,102.54,112.44,91.01,2157.43,454.9,25,24.93,99.97,60.06,60.04,100.07,14.92,22.55,66.76,0,-0.06,-0.04,-0.02,15.07,2.53,-0.02,7.59,2.6,2.53,2.46,0.09,0.03,2.59,5.03,49.91,2.53,12.45,4.99,40.06,4.93,5.07,2.55,2.42,-0.05,0.03,2.59,-0.06,2.46,2.44,0.1
"134","H. Alobo","Esia","FWMF",21,1999,3.29,0.63,3.3,1.43,45.55,3.26,1.49,0.18,0.32,14.07,0.07,-0.06,0.07,0.75,0.77,0.3,-0.15,-0.13,29.11,35.42,82.14,454.72,112.7,17.37,19.99,86.5,9.92,10.88,91.69,1.79,2.83,66.75,-0.07,0.37,-0.2,1.24,1.27,1.85,0.08,3.07,0.32,0.35,-0.02,0.06,0.36,0.01,0.36,0.08,0.34,15.88,4.87,30.71,2.64,5.5,7.58,1.73,0.52,0.09,1.26,0.1,0.38,0.37,-0.02
"136","A. Kuhn","Esia","MF",30,1990,2.31,0.09,0.38,-0.05,-0.02,0.42,-0.05,0,NA,12.01,0.06,-0.07,-0.02,0.08,0.14,0.22,0.02,-0.01,71.64,76.39,93.95,1362.46,206.38,29.63,31.21,94.71,32.12,33.83,95.02,9.26,9.64,95.67,-0.07,0.05,0.04,0,9.09,-0.05,0.04,3.78,1.69,1.15,0.34,1.27,0.09,0.44,1.72,24.97,1.31,14.94,3.35,22.29,2.5,6.62,5.93,0.76,-0.06,0.04,0.85,0.83,2.42,-0.09,-0.1
"137","Y. Nagudi","Esia","MF",31,1990,4.02,0.04,1.04,0.09,0.07,1.01,-0.08,0.08,NA,20.34,0.03,0,0.58,0.07,0.1,0.08,-0.12,-0.01,87.77,97.56,90.09,1947.79,597.47,27.26,29.02,94.07,39.43,42.31,93.41,19.51,24.76,78.87,0.05,0.05,-0.1,1.57,16.07,1.25,-0.05,13.27,3.83,2.72,1.96,1.22,0.48,1.25,3.47,35.61,2.22,19.41,5.95,30.9,5.74,11.1,2.69,1.44,-0.09,0.08,1.44,3.17,7.03,0.83,0.09
"138","J. Halvorsen","Esia","MFFW",17,2003,0.14,-0.01,0.03,0.08,NA,-0.02,0.08,NA,NA,NA,-0.02,0.07,-0.02,-0.04,-0.02,NA,-0.05,0.05,59.92,60.01,99.95,840.05,9.91,40.03,40.09,99.94,20.01,19.94,100.01,0,0.07,NA,-0.05,0.06,-0.01,0.1,-0.09,0,0.02,-0.03,-0.07,0,0.01,0.02,-0.08,-0.06,10.06,0.08,10.1,19.93,20,99.94,0.04,20.08,0.1,-0.01,-0.02,0.06,-0.05,-0.08,0.03,0.08,-0.05
"139","O. Nairuba","Esia","MFFW",31,1989,3.13,-0.03,1.9,0.4,16.64,1.77,0.32,0.07,0.04,16.37,0.09,0.04,0.27,0.24,0.26,0.21,-0.37,-0.26,35.34,46.5,75.77,539.62,123.17,16.22,20.96,77.67,15.69,18.14,86.23,1.16,3.52,36.42,0.02,0.16,-0.16,1.27,2.44,1.23,0.22,4.72,0.92,0.56,-0.05,0.58,0.27,0.4,1.25,25.09,1.01,17.76,4.71,26.25,2.49,9.34,5.89,0.9,0,0.1,0.98,0.58,1.57,0.72,0.01
"140","T. Astuti","Esia","MFFW",25,1995,1.69,0.68,3.15,1.29,39.95,3.18,1.2,0.21,0.51,18.19,-0.09,-0.06,-0.09,0.28,0.15,0.05,0.37,0.41,41.33,45.07,91.75,711.98,156.91,16.92,17.48,96.35,20.09,21.92,91.41,3.14,3.84,83.29,-0.08,0.11,0.02,0.65,4.47,-0.07,-0.08,4.44,0.59,0.68,0.55,0.03,0.09,-0.08,3.81,-0.08,3.69,13.7,3.07,22.6,4.42,8.77,0.67,1.16,0.08,0.06,1.33,0.63,1.2,0.6,0.1
"153","P. Purnomo","Galamily","FWMF",26,1994,2.56,0.07,0.46,-0.01,-0.09,0.39,-0.08,-0.03,NA,14.94,-0.05,-0.02,0.06,-0.03,0.08,0.09,-0.1,0.1,32.72,43.22,75.99,535.11,123.12,17.14,20.5,84.24,11.53,12.31,93.5,2.41,6.75,35.32,0.03,0.25,-0.26,1.69,1.68,0.84,0.79,1.98,1.18,0.76,0.03,0.76,0.37,0.87,2.03,40.02,1.13,16.32,5.69,34.15,2.76,7.13,6.46,1.64,0.04,0.07,1.65,0.33,1.56,0.86,0.01
"154","Y. Atoo","Galamily","FWMF",25,1996,2.77,0.05,1.11,0.08,-0.03,1.19,0.03,-0.07,NA,16.26,-0.06,0.07,-0.1,0.02,-0.01,0.08,-0.09,-0.13,29.51,39.69,74.75,556.64,141.02,17.74,18.55,96.07,7.32,11.51,64.55,4.35,7.74,57.09,-0.02,0.15,-0.25,2.58,1.2,0.46,0.02,2.54,0.32,0.03,0.27,-0.01,0.09,-0.02,1.43,-0.07,1.44,14.86,2.98,20.07,4.03,4.48,6.37,1.9,0.06,0.08,1.84,0.65,1.18,0.81,0.03
"156","F. Pop","Galamily","MF",25,1995,4.92,0.08,2.1,0.13,9.06,2.26,0.18,-0.06,0,12.83,0.05,0.01,-0.09,0.14,0.17,0.01,-0.17,-0.19,35.01,43.84,79.93,730.2,148.91,13.34,16.19,82.63,14.03,17.07,82.4,7.06,8.86,79.58,-0.02,-0.02,0.02,0.84,2.7,0.28,-0.09,1.94,1.48,0.99,0.14,0.76,0.4,1.15,2.83,42.82,1.55,17.08,3.92,23.46,4.85,9.97,2.3,1.69,0.39,-0.01,1.16,1.11,2.55,3.81,0.08
"157","I. Kayange","Galamily","MF",22,1998,1.37,0.05,0.69,0.04,0,0.67,0.09,-0.07,NA,33.05,-0.06,0.07,0.01,0,0.09,0.05,-0.02,0.06,32.95,50.1,65.63,584.94,129.24,15.75,20.09,78.57,11.46,16.41,69.56,4.97,9.98,50.01,0,0.06,0.03,0.01,2.81,0.04,-0.1,2.83,3.58,0.73,-0.02,2.86,0.78,0.68,4.35,16.7,3.65,39.23,9.94,25.44,10.72,22.1,6.44,1.41,-0.07,-0.09,1.46,1.51,5.04,1.46,-0.01
"158","L. Rahimi","Galamily","MF",30,1990,2.72,0.01,0.81,0.32,50.08,0.78,0.34,0.07,0.01,23.24,-0.03,-0.03,-0.07,0.13,-0.03,0.09,-0.04,-0.1,34.32,46.21,74.48,643.22,184.79,14.13,17.83,79.23,14.37,18.13,79.55,4.77,7.83,61.99,-0.05,0.09,-0.01,0.67,3.01,1.21,0,4.77,0.79,-0.02,0.29,0.03,0.34,0.37,1.12,33.29,0.72,18.6,4.81,25.94,4.04,10.45,4.15,1.43,0.83,0.06,0.7,0.27,1.21,0,0.02
"159","L. Uchida","Galamily","MF",21,1999,-0.03,0.06,0.01,0.07,NA,-0.1,-0.04,NA,NA,NA,0.06,0.1,-0.09,-0.07,-0.07,NA,0.07,0.03,1.06,1.05,100.09,8.06,-0.08,1,0.99,100.05,0.06,-0.04,NA,-0.08,-0.03,NA,0,-0.1,0.01,0.1,-0.09,0.08,0.05,-0.02,-0.02,0.09,-0.02,-0.02,0.02,0.07,-0.04,NA,0.09,1.04,-0.08,-0.05,0.02,0.92,0.04,-0.03,-0.07,0.06,-0.02,0.09,0.06,-0.05,-0.09
"160","U. Ajiambo","Galamily","MF",27,1993,3.3,0.32,1.8,1.18,66.66,1.72,1.24,0.27,0.17,17.3,-0.02,0.08,0.04,0.16,0.18,0.14,0.14,0.11,26.93,33.92,79.6,463.27,139.34,14.53,16.95,85.76,8.12,10.57,77.07,3.31,4.88,68.87,0.39,-0.03,0.31,0.56,2.81,0.32,0.01,2.98,3.27,1.86,2.06,1.28,0.03,0.36,1.15,25.08,0.97,14.56,2.7,18.8,4.52,9.76,0.24,0.66,-0.06,-0.07,0.62,2.64,6.02,3.95,-0.09
"161","U. Nambuya","Galamily","MF",26,1994,2.02,0.03,1.47,0.52,33.4,1.55,0.54,-0.04,-0.02,19.26,0.06,-0.06,-0.02,0,0.08,0.07,-0.08,-0.09,40.55,50.51,80.26,730.99,213.98,18.96,19.97,94.91,15.5,18.52,83.7,5.53,10.48,52.49,0.02,0.1,-0.23,2.02,1.5,1.01,0.59,1.98,0.48,0.52,-0.09,0.43,-0.06,-0.04,0.96,-0.06,1.03,11.01,4.04,36.42,0.4,6.58,4.06,0.5,0.09,-0.06,0.55,2.08,2.43,-0.07,0
"174","R. Zamani","Giumle Lizeibon","FWMF",23,1997,3.74,0.07,0.62,0.25,49.94,0.55,0.31,0.01,-0.1,17.05,0.09,-0.03,0.03,0,-0.07,0.09,-0.07,-0.12,22.18,30.35,73.3,339.5,81.47,12.75,14.84,85.53,7.35,7.79,93.04,1.67,5.18,31.51,0.3,0.07,0.17,0.76,1.82,0.73,0.03,2.62,3.04,1.65,1.89,1.07,-0.01,0.18,3.85,7.18,3.47,40.83,12.95,31.71,12.48,19.21,9.24,1.28,0.07,0.09,1.45,0.44,3.55,0.55,-0.03
"175","Z. Matsui","Giumle Lizeibon","FWMF",26,1994,1.23,0.89,2.49,1.68,66.69,2.45,1.6,0.28,0.47,11.54,-0.08,-0.02,-0.07,0.27,0.36,0.11,0.41,0.57,19.19,22.43,85.26,256.77,30,10.04,10.78,92.26,6.7,9.24,72.67,0.09,-0.04,NA,0.04,0.11,-0.14,0.85,-0.04,0.8,0.09,1.59,1.75,1.73,1.64,-0.05,0.06,0.88,0.9,100,-0.02,19.24,4.25,21.69,1.7,8.34,9.23,2.56,1.63,-0.07,0.75,0.07,1.7,0,0.06
"176","Z. Testa","Giumle Lizeibon","FWMF",24,1996,0.29,0.09,0.03,0.04,NA,-0.1,-0.06,NA,NA,NA,0,-0.02,-0.05,0,0.05,NA,-0.02,-0.06,69.97,75.06,93.33,1350.02,470.03,30.02,30.06,99.95,19.91,24.94,79.91,15.09,15.06,99.92,0.09,0.42,-0.49,10.02,10.09,5.06,5.08,5.06,0.05,0.05,0.09,-0.05,-0.04,-0.09,-0.02,NA,-0.01,15.06,14.96,99.96,5.02,4.93,5.05,5.09,0,-0.08,5.08,0.01,0.02,-0.06,0.02
"178","K. Lawino","Giumle Lizeibon","MF",23,1997,4.01,-0.08,1.15,0.25,19.98,1.29,0.21,0,-0.01,23.91,-0.04,0.07,0.09,-0.01,0.04,0.05,0.02,0.07,31.04,38.04,81.42,548.55,146.59,14.43,15.68,92.29,12.49,14.96,83.61,3.9,5.54,69.7,0.01,0.12,-0.08,1.26,4.73,0.68,0,4.14,2.87,2.26,1.05,1.41,0.46,0.59,0.96,50.08,0.54,24.03,8.83,36.48,7.02,12.06,5.16,1.01,0.27,0.1,0.71,1.28,4.19,0.43,0.07
"179","L. Abbasi","Giumle Lizeibon","MF",33,1988,0.09,0.1,-0.06,-0.08,NA,-0.05,0.01,NA,NA,NA,0.09,0,-0.04,0,-0.05,NA,0.02,0.03,2.08,2.06,100.06,31.02,4.07,1.05,1.05,99.93,1.06,1.05,100.06,0,-0.01,NA,0.05,-0.06,-0.03,-0.09,-0.06,-0.03,-0.02,-0.02,0,-0.08,-0.1,-0.04,0.07,-0.07,0.1,NA,0.07,-0.09,0.05,NA,0.07,-0.02,-0.02,-0.09,0,-0.01,-0.04,-0.08,0,-0.04,-0.07
"180","Q. Roche","Giumle Lizeibon","MF",25,1995,2.49,-0.04,0.42,0,0,0.46,0.05,-0.01,NA,30.67,0,0.06,0,0.1,-0.07,-0.06,-0.02,-0.07,58.31,67.67,86.34,1241.13,301.23,18.36,19.51,93.96,28.44,30.88,92.27,11.3,15.67,71.73,0.02,-0.01,0.03,0.07,6.46,1.18,0.33,5.16,1.11,0.39,0.89,0.47,0.06,-0.06,2.02,0.06,2.09,21.3,6.06,28.24,8.1,11.21,2.03,2.46,1.29,0.01,1.26,2.02,3.23,1.58,-0.05
"181","R. Kirya","Giumle Lizeibon","MF",26,1994,0.25,-0.09,10.06,5.1,50.02,11.95,6.05,-0.08,-0.09,19.21,0.1,0.09,-0.06,0.49,0.48,0.13,-0.45,-0.43,24.97,30.01,83.29,435.08,360.06,9.98,14.99,66.76,14.98,15.01,99.97,-0.01,0.06,NA,5.08,0.51,4.41,4.93,-0.04,4.92,-0.1,9.9,5,5,4.9,-0.04,0.04,4.96,14.96,33.39,10.06,20.06,9.98,49.97,5.1,9.99,4.94,-0.05,-0.05,0.07,0.05,-0.05,5.04,0.05,-0.04
"182","W. Isah","Giumle Lizeibon","MF",26,1994,4.37,-0.09,2.86,0.07,-0.02,2.73,-0.04,0.02,NA,19.42,0.1,0.08,0.03,0.17,0.11,0.07,-0.24,-0.23,47.75,55.76,85.44,844.9,196.45,23.28,25.17,92.65,16.44,18.43,89.84,6.2,9.03,69.11,0.16,0.23,0.01,1.24,3.96,2.17,0.77,4.64,1.16,1,0.46,0.42,0.16,0.51,0.7,66.68,0.18,13.71,4.69,33.97,0.88,7.49,5.38,0.6,0.24,-0.03,0.54,1.09,2.24,0.17,-0.05
"183","H. Marroqu√≠n","Giumle Lizeibon","MFFW",31,1989,0.35,0.05,-0.03,-0.06,NA,-0.06,0.08,NA,NA,NA,0,0.06,-0.08,-0.09,0.09,NA,-0.02,0.07,43.39,49.94,86.74,710.1,410.06,26.77,29.94,88.93,13.36,16.79,80.07,3.35,3.4,100.05,-0.08,-0.02,-0.1,0,-0.09,0,-0.09,3.31,3.35,3.39,-0.09,3.3,0.08,0.09,0.05,NA,0.04,20.09,16.65,83.29,13.36,6.64,-0.08,6.62,-0.1,-0.06,6.6,-0.08,3.37,0.06,-0.08
"191","B. Sugawara","Greri Landmoslands","FWMF",26,1994,2.6,-0.02,-0.08,0.02,NA,0,-0.02,NA,NA,NA,0.08,0.02,-0.03,0.06,0.09,NA,0.07,0.02,33.78,40.68,82.67,583.25,158.16,14.81,15.18,97.55,15.51,18.01,85.76,2.64,3.69,69.99,0,0.11,-0.18,1.77,2.87,1.44,0.07,4.13,2.21,1.52,0.44,1.4,0.31,0.41,1.41,24.93,1.15,17.81,4.49,24.93,4.78,7.05,5.93,0.74,-0.01,0.02,0.65,2.69,4.77,0.75,0.01
"192","E. Alowo","Greri Landmoslands","FWMF",24,1996,3.51,0.33,2.14,0.75,37.46,2.25,0.85,0.15,0.38,13.3,-0.07,0,0.03,0.44,0.46,0.14,-0.08,-0.08,24.5,29.72,82.2,388.63,54.14,13.08,14.61,88.69,8.35,10.25,81.17,2.3,2.72,79.93,0.25,0.38,0.09,1.45,1.48,0.08,0.09,0.81,1.04,0.48,0.06,0.86,0.29,-0.04,1.33,-0.02,1.34,16.19,3.06,18.95,3.92,8.52,3.69,0.64,0.08,-0.08,0.49,0.83,2.02,0.37,0.06
"193","I. Asante","Greri Landmoslands","FWMF",27,1993,0.55,-0.07,0.02,-0.06,NA,-0.05,0.07,NA,NA,NA,0.02,-0.08,-0.08,-0.04,0.07,NA,-0.03,-0.09,48.3,55.05,87.97,619.9,206.79,36.8,36.77,99.94,10.1,11.76,85.6,1.62,1.7,100,3.35,1.13,2.26,1.71,6.66,3.42,0.1,11.71,3.26,3.31,-0.08,1.7,1.61,0.06,-0.07,NA,-0.05,18.28,10.07,54.52,0.08,8.24,10.01,3.33,-0.03,0,3.24,0.04,3.36,-0.03,-0.07
"195","C. Ji","Greri Landmoslands","MF",26,1994,2.38,0.07,1.83,0.46,24.93,1.82,0.34,0.04,-0.05,25.92,0.03,-0.03,-0.02,0.03,0.02,0.04,-0.14,-0.13,34.29,45.64,75.24,775.13,240.91,13.06,14.38,90.83,12.23,16.59,73.78,8.74,13.06,66.63,-0.07,0.43,-0.25,2.64,3,2.97,0.38,5.22,1.81,1.3,0.48,0.81,0.53,1.24,3.13,42.88,1.77,18.29,6.11,33.39,6.6,4.45,7.31,1.75,-0.03,-0.01,1.83,0.52,2.27,0.42,-0.01
"196","I. Adoch","Greri Landmoslands","MF",25,1995,1.31,0,3.54,0,-0.09,3.67,0,0.05,NA,19.86,0.07,0.01,-0.09,0.09,0.15,0.09,-0.04,0,35.03,39.24,89.11,742.1,182.07,12.88,14.35,89.98,15,15.71,95.48,5.63,7.8,72.72,-0.02,0.02,-0.05,0.02,5.72,-0.03,-0.05,4.32,6.5,4.26,1.47,4.91,-0.1,1.35,2.91,50.06,1.41,20.02,4.2,21.41,7.76,10.73,1.44,0.62,0.1,-0.09,0.77,0.72,7.2,0.78,0.04
"197","I. Mwale","Greri Landmoslands","MF",28,1992,1.59,0.1,-0.04,-0.05,NA,-0.06,-0.01,NA,NA,NA,-0.02,-0.07,0.03,0.03,0.08,NA,-0.04,0.02,54.74,61.24,89.1,1097.21,167.95,19.98,20.6,96.83,23.32,26.04,89.8,10.71,13.38,80.02,-0.02,-0.09,0.07,-0.04,7.41,0.7,0.06,3.91,2.04,1.37,0.59,0.67,0.65,0.76,1.91,33.33,1.31,18.63,5.39,28.55,7.39,7.25,3.95,0.59,0.02,-0.06,0.71,-0.04,2.01,2.74,-0.02
"198","O. Contreras","Greri Landmoslands","MF",34,1986,1.79,-0.03,1.72,0.01,0.09,1.75,0.04,0.09,NA,25.18,-0.04,0.07,-0.01,0.03,0.16,0.07,0,-0.16,57.58,65.28,88.21,1085.25,266.58,23.47,24.66,95.18,25.97,27.56,93.63,7.03,10.03,70.51,-0.07,0.24,-0.16,2.44,4.69,0.04,-0.07,3.46,1.7,1.1,0.05,1.14,0.66,-0.04,0.54,0.02,0.52,16.59,2.84,17.84,0.66,12.41,3.54,0.49,0.02,0.05,0.6,0.5,2.29,0.01,0.05
"199","Q. Kaddu","Greri Landmoslands","MF",28,1992,0.13,0.06,0.01,0.08,NA,-0.08,0.08,NA,NA,NA,0.03,-0.03,0.1,-0.08,-0.08,NA,0.04,-0.01,90.05,124.93,72.07,2130.03,494.97,34.99,40.03,87.57,24.95,25,100,30.05,50.06,60.04,0.03,-0.05,-0.03,0.09,15.06,5.1,0.02,10.05,-0.06,-0.06,0.01,-0.05,-0.09,0,-0.07,NA,-0.04,5.08,0.07,0.08,4.91,-0.05,0.1,0.1,0.08,0.08,0.05,0.01,0.08,0.04,-0.05
"200","S. Nyarko","Greri Landmoslands","MF",23,1997,0.15,0.08,-0.02,-0.07,NA,0.02,-0.01,NA,NA,NA,-0.06,-0.03,0.09,0.04,-0.09,NA,-0.05,-0.06,45.05,44.98,99.93,1029.95,0.01,5.03,4.95,100.07,30.02,29.94,100,9.93,10,100.07,-0.02,0.01,-0.09,0.06,-0.05,0.1,-0.04,0.07,0,0.09,0.04,-0.02,0.04,-0.07,0.04,NA,0.03,9.9,0.05,-0.02,-0.02,10.01,0.07,-0.05,-0.08,0.08,-0.02,-0.02,-0.01,5,0.01
"201","X. Durand","Greri Landmoslands","MF",23,1997,2.42,0,1.64,0.42,25.01,1.63,0.48,0.02,0.04,31.04,0.08,-0.03,-0.02,-0.03,-0.05,0.1,-0.09,-0.1,74.19,80.88,91.81,1391.76,312.02,35.09,36.32,96.69,25.36,26.23,96.86,11.39,13.75,81.82,-0.09,0.22,-0.22,1.17,9.27,2.53,1.33,5.75,2.43,2.58,0.06,2.54,0.03,1.61,2.17,79.96,0.48,10.36,4.91,47.95,0.74,7.43,2.08,0.89,0.01,0.04,0.82,1.76,4.14,0.46,-0.1
"202","Z. Musenero","Greri Landmoslands","MF",29,1991,2.5,-0.07,0.33,0.47,100.06,0.45,0.44,0,0.02,7.07,-0.03,0.06,-0.02,0.15,0.05,0.14,-0.11,-0.08,46.53,50.07,93.1,1004.65,244.16,15.02,15.33,97.45,22.73,23.85,95.27,8.92,10.07,88.49,-0.01,0.09,0.08,0.4,3.8,0.74,-0.06,2.66,2.66,1.18,1.12,1.18,0.29,0.48,0.77,49.95,0.46,11.26,2.6,24.15,3.83,6.57,0.8,0.29,0.05,0.05,0.48,2.41,5.02,1.96,-0.1
"215","Z. Apili","Ledian","FWMF",32,1988,0.62,-0.05,3.34,-0.09,-0.05,3.16,-0.01,-0.01,NA,23.12,0.01,0,0.07,0.21,0.11,-0.02,-0.11,-0.08,21.66,21.71,99.94,341.67,5.09,9.95,10.07,100.02,6.7,6.63,100,1.66,1.65,100.07,0.01,-0.03,0.04,-0.07,-0.09,0.01,0.07,-0.01,0.09,-0.07,0.1,0.1,0.02,-0.04,1.64,-0.08,1.6,28.4,1.71,5.96,4.99,11.79,11.67,-0.04,-0.04,0.03,0.05,0.09,-0.04,3.41,-0.02
"217","B. Namazzi","Ledian","MF",33,1987,3.08,-0.02,1.67,0.38,20.04,1.65,0.34,-0.02,-0.04,19.26,0,-0.09,-0.09,0.16,0.11,-0.01,-0.2,-0.01,28.39,35.94,78.66,534.68,118.25,14.79,17.75,83.09,8.02,10.3,77.36,4.9,6.96,71.39,0.08,-0.07,0.06,0.39,1.91,0.28,-0.09,1.35,2.29,1.66,1.6,0.62,0.1,0.72,3.99,16.67,3.43,29.62,8.6,29.17,15.72,12.03,2.03,1.95,0.7,0.07,1.35,2.38,4.68,3.31,0.08
"218","C. Lawal","Ledian","MF",28,1992,1.09,-0.06,0,0.08,NA,-0.08,-0.06,NA,NA,NA,-0.05,-0.03,0.05,-0.07,0,NA,0.03,0,42.71,48.3,88.67,825.49,148.19,20.82,21.75,95.8,13.52,14.57,93.9,8.16,9.98,81.72,-0.04,-0.07,0.07,0.07,-0.08,0.84,0.86,0.99,0.84,0.95,-0.05,0.97,0.03,0.09,0.88,0.05,0.82,33.61,7.35,21.69,19.18,12.76,1.87,1.84,-0.01,-0.05,1.85,0.86,1.87,0.88,0.03
"219","E. Mohammad","Ledian","MF",24,1996,1.45,-0.02,0.03,-0.01,NA,-0.04,-0.1,NA,NA,NA,-0.06,-0.01,-0.08,-0.03,-0.07,NA,0.07,0.01,21.43,27.09,78.93,314.26,49.24,14.93,16.31,91.33,5.78,6.41,88.97,0.69,2.95,24.93,0.03,-0.01,0.09,-0.04,0.8,0,-0.09,0.05,0.67,0.69,0.02,0.78,-0.02,-0.06,0.07,NA,0.08,27.8,7.16,25.57,12.14,14.29,1.4,3.5,0.8,-0.05,2.84,7.21,7.88,2.83,-0.04
"220","M. Delgado","Ledian","MF",26,1994,0.41,-0.04,-0.02,0.04,NA,0,0.06,NA,NA,NA,0.05,0,0.09,0.06,-0.01,NA,0.01,-0.02,43.95,46.03,95.8,855.98,130.01,19.93,20.01,100.03,16.02,17.93,88.81,5.91,5.97,99.98,-0.08,-0.03,0.03,0.04,1.95,-0.02,0.03,0.05,0.01,0.02,-0.08,0.03,-0.01,-0.01,-0.06,NA,-0.06,21.97,6.04,27.22,17.95,3.91,0,2.04,0.07,-0.03,1.98,2.02,1.93,0,0.05
"221","M. Yanti","Ledian","MF",23,1997,0.24,-0.09,-0.06,0.02,NA,0.03,0.01,NA,NA,NA,-0.05,0,-0.05,-0.03,0.04,NA,-0.02,0.04,65.09,75.1,86.73,1235.09,245.05,20,19.96,100.08,39.98,44.97,88.8,4.96,9.95,50.09,-0.08,-0.07,0.02,4.91,5.04,0.06,-0.04,-0.05,0.03,0.01,-0.01,-0.03,0.04,0.08,-0.09,NA,-0.07,44.9,10.02,22.23,4.94,14.94,24.95,0.1,-0.01,0,0.05,0,-0.04,-0.03,-0.02
"222","X. Akao","Ledian","MF",33,1987,2.72,0.07,1.44,-0.05,0,1.33,0.04,0.04,NA,25.17,-0.03,-0.09,-0.07,0.11,-0.04,0.13,-0.05,0,45.46,53.84,84.01,1003.94,216.85,18.67,20.33,91.21,15.46,18.66,82.61,10.63,13.17,81.1,0.33,0.08,0.25,1.06,2.82,0.39,0.33,3.52,1.01,1.09,0.77,0.41,0.1,0.31,1.05,33.2,0.65,13.9,3.93,28.12,3.25,7.88,2.86,0.8,0.07,-0.1,0.62,0.01,1.13,-0.02,0.07
"237","D. Okidi","Leoneku Guidisia","MF",33,1987,1.47,0.02,0.01,0.01,NA,0.07,0,NA,NA,NA,0,0,-0.05,0.05,-0.01,NA,-0.02,-0.06,40.03,45.37,88.19,790.74,121.93,13.97,14.73,95.55,19.26,20.78,93.45,6.57,8.65,76.84,-0.08,0.08,0.09,0.02,2.64,0.02,-0.05,0.6,1.4,1.35,0.61,0.66,-0.08,0.64,0.74,99.98,0.02,16.06,5.95,37.48,12.71,2.59,0.66,2.6,0.68,0,1.92,2.01,3.37,1.96,0
"238","H. Tan","Leoneku Guidisia","MF",25,1995,3.02,0.01,0.37,0.36,99.96,0.4,0.26,-0.04,0.03,18.99,0.04,-0.1,-0.05,0,0.03,-0.04,-0.09,0.02,47.38,52.98,89.21,838.61,209.67,21.7,24.32,89,18.9,21,90.4,6.07,5.99,100.03,-0.01,0.1,-0.06,0.6,4.05,0.62,0.32,3.03,1.63,0.37,0.6,0.03,0.98,0.92,1.32,75.01,0.4,15.25,2.64,17.41,6.27,7.36,1.59,1,-0.08,-0.05,1.01,3.33,5.01,0.26,-0.06
"239","T. Takada","Leoneku Guidisia","MF",27,1993,2.99,-0.05,0.75,0,-0.09,0.66,-0.03,-0.03,NA,19.72,0,-0.08,-0.03,-0.03,0.08,0.01,-0.04,-0.07,27.74,34.28,80.61,443.4,109.71,13.04,15.21,84.83,12.97,15.1,86.63,1.41,2.32,57.09,0.07,0.25,-0.19,0.99,1.25,0.91,-0.08,2.6,3.3,2.37,2.6,0.73,-0.04,1.38,4.39,30.81,3.1,31.75,6.03,18.84,15.33,14.36,2.02,1.25,-0.01,-0.07,1.28,0.39,3.63,2.04,0.09
"240","U. Jonsson","Leoneku Guidisia","MF",29,1991,1.34,0.01,-0.09,0.04,NA,0.06,0.03,NA,NA,NA,0.05,-0.05,-0.07,-0.05,-0.01,NA,0.01,0.1,31.56,40.06,78.76,593.8,97.64,11.46,11.54,99.93,15.36,19.94,76.97,4.71,7.02,66.77,0.05,0.01,0.07,0.09,0.69,-0.04,0.04,0.01,6.2,4.66,5.28,0.86,-0.03,1.49,2.34,66.79,0.7,35.33,7.67,21.65,22.29,12.26,0.74,1.44,-0.06,-0.06,1.62,4.64,10.72,1.48,-0.01
"241","F. ?ahin","Leoneku Guidisia","MFFW",30,1990,0.66,0.05,2.86,-0.05,0.03,2.92,0.09,-0.07,NA,27.57,0,0.02,-0.09,0.04,0.05,-0.04,0.09,0.01,34.24,44.36,77.43,589.93,119.92,18.59,18.51,100.09,12.91,18.6,69.2,2.86,5.8,50.04,0.02,-0.08,0.03,-0.02,2.83,1.42,0.06,2.8,1.48,1.43,1.52,-0.08,0.08,-0.05,1.46,-0.09,1.38,29.92,8.53,28.53,7.11,18.68,4.2,0,0,-0.06,0.06,0.07,1.48,1.5,-0.09
"254","C. Soto","Manlisgamncent","FWMF",22,1998,0.79,-0.08,1.5,-0.02,0.02,1.41,0.04,-0.04,NA,25.02,-0.02,0.06,0.01,-0.03,0.03,0.03,0.05,0,27.01,35.61,75.92,408.52,104.34,15.72,20,78.62,9.98,12.86,77.73,1.5,1.38,99.99,0.04,-0.03,-0.09,0.1,1.47,-0.08,-0.04,1.5,1.37,-0.03,1.42,0.07,-0.08,-0.04,1.51,-0.07,1.4,28.5,2.93,9.92,11.48,12.82,4.37,1.49,0.06,0.05,1.44,1.47,2.87,0.04,-0.01
"255","H. Mbabazi","Manlisgamncent","FWMF",23,1997,2.24,0.46,1.23,0.5,33.21,1.3,0.52,0.41,0.94,10.6,0.09,0.08,-0.09,0.2,0.13,0.15,0.17,0.26,20.95,24.22,85.73,261.32,50.85,14.37,15.6,91.64,4.81,7.05,68.83,0.5,0.48,100.04,-0.05,0.14,-0.29,0.86,1.32,-0.07,0.03,1.77,1.4,0.42,0.33,0.84,0.09,0.49,0.88,50.02,0.48,23.53,6.45,27.81,3.93,11.28,8.21,0.39,-0.05,0.04,0.37,0.89,2.13,1.23,-0.1
"256","J. J√∏rgensen","Manlisgamncent","FWMF",25,1995,0.55,1.95,3.96,2.06,50.02,3.75,1.96,0.52,0.95,11,0.07,-0.08,0.05,0.53,0.58,0.13,1.32,1.44,48.07,49.9,96,793.99,202,20.1,20.01,100.02,23.98,24.04,100.01,1.91,3.94,50.09,0.08,1.1,-1.22,4,3.96,2.08,0.04,8.06,4.02,4.03,0.04,1.96,2.1,-0.04,0.07,NA,-0.05,17.98,3.92,22.22,-0.09,10.03,7.93,0.1,0,0.01,-0.01,4.09,8,-0.08,0.07
"257","Z. Davies","Manlisgamncent","FWMF",29,1991,2.4,-0.08,1.59,0.72,49.96,1.61,0.7,0.05,0.07,18.89,0.02,-0.06,0.03,0.32,0.17,0.16,-0.3,-0.24,21.94,24.83,88.79,349.63,37.15,12.38,12.72,96.8,5.23,6.34,81.31,3.52,4.06,90.06,0.41,0.09,0.45,0.71,0.84,0.78,0.49,0.45,0.07,0.02,0.02,0.09,0.05,-0.08,0.83,0.01,0.8,21.27,4.31,20.75,4.07,10.01,7.15,0.79,-0.02,-0.02,0.84,0.05,0.09,1.14,0.04
"259","B. Yang","Manlisgamncent","MF",29,1991,0.47,-0.04,4.08,0.06,0.05,4.23,0.06,-0.08,NA,9.59,0.08,0.06,-0.01,1.82,1.88,0.51,-1.83,-1.84,11.92,13.95,85.72,195.99,60.04,3.99,6.06,66.71,6.07,6.08,99.96,2.01,2.08,100.01,-0.04,-0.09,-0.07,0.07,4.04,0.05,-0.07,1.91,2.05,-0.03,0.03,-0.02,1.98,0.04,0.05,NA,-0.03,14,-0.03,-0.08,2,2.01,9.95,0.09,0.08,-0.01,0.05,-0.01,2.02,1.91,0.02
"260","C. Nangobi","Manlisgamncent","MF",35,1985,4.38,0.27,0.72,0.63,99.99,0.79,0.72,0.31,0.37,25.99,0.06,-0.03,-0.02,0.07,0.11,0.03,0.11,0.17,58.17,67.78,85.91,1160.93,339.09,24.74,27.35,89.86,22.1,23.24,95.08,9.92,14.09,71.74,0.19,0.16,0.18,1.38,5.19,1.01,0.15,4.73,0.83,0.47,0.69,0.29,0,-0.09,-0.01,NA,0.06,17.75,5.44,30.36,5.57,9.92,2.12,0.75,0.3,-0.03,0.55,1.78,2.86,0.32,0.01
"261","C. Nyesiga","Manlisgamncent","MF",26,1994,3.89,-0.09,1.11,0.3,25.02,1.1,0.2,0.02,0.09,24.88,0.05,0.1,0,0.05,0.01,0.06,-0.09,-0.04,51.11,57.14,89.32,914.9,206.27,21.75,23.9,91.14,22.64,23.71,95.64,4.7,6.9,69.21,0.18,0.03,0.14,1.01,3.15,0.53,0.08,4.38,1.33,1.24,1.14,0.32,0.06,0.49,0.79,66.61,0.19,21.33,4.91,23.52,6.78,12.96,1.61,0.36,0.05,0.01,0.33,1.52,2.96,1,-0.05
"262","Z. Griffiths","Manlisgamncent","MF",28,1992,3.04,-0.02,0.37,-0.08,-0.06,0.41,-0.02,0.03,NA,21.03,-0.02,-0.04,0.07,-0.01,0.04,-0.01,0.06,-0.03,61.5,68.48,90.19,1198.94,278.76,27.08,28.09,96.65,22.8,26.6,86.6,11.36,12.67,89.69,0.01,0.07,0.04,0.95,3.61,0.56,-0.05,2.61,1.02,-0.07,0.24,0.68,0.01,0.35,2.18,14.28,1.93,25.25,4.6,17.98,11.21,11.4,2.49,0.29,0.04,-0.01,0.29,1.69,2.59,1.2,0.03
"275","M. Ogbonna","Mico","FWMF",21,1999,0.41,0.09,0.02,-0.09,NA,-0.07,-0.02,NA,NA,NA,0,0.01,-0.06,-0.01,-0.02,NA,0.04,-0.04,42.46,47.42,89.55,699.97,110.05,24.9,27.44,90.89,15,17.42,85.76,2.4,2.41,99.91,0.02,0.34,-0.33,2.42,2.44,0.01,0.01,2.46,2.54,-0.1,2.45,-0.01,0.07,2.49,2.46,99.97,0.06,12.55,2.51,19.96,4.96,5.03,2.58,2.54,2.4,2.49,0.09,-0.03,2.47,-0.02,0.1
"276","U. Nafula","Mico","FWMF",29,1991,6.3,0.2,2.49,0.4,18.78,2.54,0.52,0,0.27,14.84,-0.06,0.1,0.21,0.22,0.36,0.2,-0.2,-0.05,22.22,29.32,75.63,326.67,62.07,12.43,14.6,84.8,7.91,9.52,83.25,0.89,2.77,35.25,-0.09,0.11,-0.13,1.35,1.31,0.73,0.02,1.98,0.23,0.25,0.15,0.04,-0.05,0.19,0.52,33.28,0.4,9.48,3.39,36.63,1.37,3.4,4.68,0.43,0.07,0.07,0.48,0.45,0.59,0.13,0.02
"278","A. Kiss","Mico","MF",25,1995,6.21,0.06,1.08,0.56,42.86,1.17,0.53,0.09,0.09,24.7,0.05,0.17,0.11,0.2,0.05,-0.04,-0.19,-0.03,53.76,63.28,84.76,1049.49,249.87,20.06,21.64,92.02,25.11,28.67,87.87,7.87,11.89,65.21,0.46,0.03,0.38,1.37,5.98,1.72,0.16,6.32,1.71,0.86,0.71,1.15,-0.08,0.48,1.83,24.94,1.47,16.46,4.03,24,5.89,8.85,1.66,1.84,-0.04,-0.05,1.66,2.04,3.82,1.36,0.07
"279","H. Ferraro","Mico","MF",26,1994,1.89,0,0.02,-0.05,NA,-0.02,-0.04,NA,NA,NA,-0.01,-0.02,0.08,0.02,0.02,NA,-0.03,-0.05,50.09,55.67,90,827.83,204.32,25,27.24,91.83,19.49,20.66,94.64,4.47,4.97,88.84,0.02,0.12,-0.09,0.57,2.25,0.63,-0.01,3.37,1.17,1.07,0.47,0.01,0.49,1.14,3.26,33.24,2.22,14.41,2.8,19.18,7.28,4.9,2.17,0.52,-0.02,0.07,0.6,2.3,3.31,3.31,-0.01
"280","J. Dubois","Mico","MF",28,1992,0.44,-0.03,4,1.94,49.92,4.39,2.08,0.04,0.01,21.25,0.07,0.02,0.04,0.22,0.27,0.09,-0.29,-0.27,43.95,60.06,73.27,901.99,169.95,17.96,18.08,99.95,11.95,14.01,85.73,12.01,26.07,46.17,-0.03,0.23,-0.15,3.96,2.06,-0.05,-0.04,1.92,0,0.06,-0.09,0.09,0.06,0.07,-0.07,NA,0.02,9.98,6.02,59.94,0,6.04,3.93,0.01,0.04,0.02,0.06,2.01,2.02,-0.08,0.04
"281","O. Lakot","Mico","MF",29,1991,5.01,0.17,1.28,0.29,14.22,1.39,0.13,0.2,0.96,18.36,0.1,0.02,-0.01,0.17,0.07,0,0.21,0.18,38.7,49.21,78.87,714.46,170.35,18.94,21.69,88.24,14.33,15.98,90.01,5.11,9.25,55.24,0.05,-0.01,-0.04,0.76,3.94,1.47,0.84,3.1,1.93,1.23,0.72,1.11,-0.03,0.57,1.25,49.9,0.67,13.94,3.82,26.76,4.22,7.41,2.32,1.24,0.87,0.08,0.33,1.35,3.37,2.9,-0.06
"282","B. Owor","Mico","MFFW",20,2000,3.63,0.66,2.47,1.17,44.42,2.5,1.2,0.25,0.44,20.27,0.07,0.03,0.48,0.29,0.23,0.07,0.27,0.36,25.56,34.23,74.73,430.69,123.53,13.69,15.21,89.17,9.5,13.96,68.08,2.59,3.35,75.07,0.37,0.14,0.11,1.73,3,1.9,0.51,4.22,1.66,1.17,0.61,1.13,-0.07,0.02,0.5,0.04,0.5,16.38,4.92,30.41,3.05,9.73,3.65,1.58,0.09,0,1.66,2.83,4.42,0.21,-0.07
"283","Q. Ili?","Mico","MFFW",25,1996,1.52,0.04,1.31,-0.04,0.07,1.3,0.09,-0.04,NA,25.39,0.03,-0.09,-0.05,0.07,0.16,-0.03,-0.13,0.03,56.35,74.91,74.95,1146.86,263.89,26.35,29.49,89.31,18.77,23.07,81.03,11.28,21.89,51.41,0.54,0.08,0.59,1.35,2.51,2.58,0.56,5.57,0.08,0.03,0.02,0.02,0.04,0.08,2.47,-0.03,2.41,29.97,6.19,20.86,13.18,11.81,5.09,0.64,0.07,0.01,0.65,0.73,0.61,0.58,0.07
"288","O. Kobugabe","New Uwi","DFMF",30,1991,2.39,-0.08,0.45,-0.05,0.09,0.36,-0.03,0.07,NA,24.42,-0.07,0.03,0.03,0.07,-0.05,-0.03,0.01,0.01,22.15,27.47,81.05,347.81,181.7,12.51,14.85,85.28,8.72,9.94,87.1,0.83,1.83,49.96,0.05,-0.04,-0.08,0.4,0.46,0.37,-0.03,2.11,2.1,0.33,1.75,0.04,0.5,0.4,1.23,33.24,0.83,12.61,2.13,17.1,6.57,3.97,2.08,1.33,-0.06,0.05,1.29,1.39,3.53,0.39,-0.09
"289","W. Dickson","New Uwi","DFMF",32,1988,1.01,-0.08,0.03,0.07,NA,0.08,0.01,NA,NA,NA,0.08,0.01,-0.05,0,0.04,NA,0.05,0.01,25.43,39.04,65,584.48,313.51,7.27,10.81,66.67,9.91,13.68,73.31,7.19,12.71,57.18,0.1,0.04,-0.12,0.92,1.89,1.76,1.84,1.75,1.76,-0.01,1.76,0.06,0.09,0.03,0.86,-0.04,0.84,18.22,6.39,34.92,11,7.34,-0.01,1.73,-0.01,0.05,1.86,3.68,5.43,0.88,0.01
"296","E. Nakirijja","New Uwi","MF",21,1999,2.5,0.37,0.76,0.49,49.92,0.71,0.48,0.58,1,22.14,0.04,-0.04,0.04,0.11,0.07,0.2,0.26,0.34,23.9,27.29,88.15,363.29,84.01,12.42,13.65,91.18,10.06,10.74,92.64,0.86,1.2,66.69,-0.05,-0.02,0,1.3,2.87,0.38,0,1.97,1.29,0.71,0.47,0.87,0,-0.09,2.06,0.05,1.9,19.93,4.41,22.08,10.36,8.07,1.53,2.75,1.18,0.05,1.55,2.04,3.3,0.71,0.45
"297","H. Caruso","New Uwi","MF",30,1990,0.05,-0.03,0.08,0,NA,0,-0.06,NA,NA,NA,0,0,-0.08,0.09,0.08,NA,-0.07,0.07,30,49.94,60.01,420.03,0.02,19.95,30.02,66.67,9.94,19.93,49.91,0.06,-0.09,NA,0.04,-0.02,-0.02,0.08,-0.04,0,-0.1,-0.03,-0.1,0.09,0.08,-0.07,-0.04,0.06,0.07,NA,-0.07,69.97,19.94,28.67,29.91,39.94,-0.09,0.01,0,-0.01,0.05,10.02,10.09,-0.05,-0.07
"298","L. Berg","New Uwi","MF",25,1995,3.03,-0.1,-0.02,0.09,NA,0.03,-0.08,NA,NA,NA,-0.04,-0.07,-0.06,0.07,-0.06,NA,-0.08,-0.05,29.99,35.66,84.15,522.78,167.34,14.2,16.35,87.82,11.63,12.98,89.71,2.95,4.58,64.26,-0.05,-0.1,-0.01,0.43,1.04,-0.03,0.08,1.32,2.09,1.66,1.7,0.36,0.03,0.64,1.62,40.07,0.98,11.9,4.39,36.05,6.63,5.05,0.38,2.05,-0.04,0.06,2.05,3.4,5.4,1.31,0.08
"299","R. Nakiru","New Uwi","MF",31,1990,0.09,-0.01,-0.05,-0.08,NA,0,-0.08,NA,NA,NA,0.03,0.04,0.04,0.02,0.03,NA,0.03,0.05,1.08,2.91,33.38,28.97,6.99,0.09,0.01,NA,1.03,1.03,100.03,-0.04,2.03,-0.03,-0.06,-0.04,0.05,-0.07,1.07,-0.09,0.07,0.1,0.09,0.04,0,0.09,-0.03,0.06,-0.06,NA,0.06,1.05,-0.01,0.07,0.08,0.91,-0.07,-0.03,-0.05,0.02,-0.07,-0.03,0.08,0.06,0
"300","U. Lefebvre","New Uwi","MF",26,1994,2.68,-0.01,0.29,0.41,100.03,0.43,0.34,-0.09,-0.08,33.94,-0.08,-0.04,0.03,0.01,0.05,0.05,-0.01,-0.08,15.97,21.81,72.86,263.32,58.04,7.78,10.08,77.78,6.38,7.45,85.08,1.05,2.66,42.91,-0.03,0.04,0.05,0.8,0.73,-0.04,0.02,0.37,2.2,2.21,1.51,0.82,-0.01,0.75,1.4,50.01,0.64,16.27,6.34,38.65,8.89,6.2,1.15,1.52,0.04,-0.1,1.48,2.54,4.88,2.24,0.08
"301","U. Rahmawati","New Uwi","MF",33,1988,0.15,-0.07,0.07,-0.04,NA,-0.06,-0.09,NA,NA,NA,-0.03,0.01,-0.01,0.03,-0.06,NA,0.05,0.04,4.97,5.07,99.92,55.03,-0.01,5.02,5.03,100,0.09,-0.02,NA,0.03,-0.09,NA,0.06,-0.1,0,-0.08,-0.06,-0.07,0.06,0.01,-0.08,0.06,0.09,-0.06,0.04,0.03,-0.07,NA,-0.02,14.99,5,33.26,10.09,5.06,-0.06,5.08,-0.09,-0.06,4.99,-0.03,-0.03,0.06,0.04
"317","C. Muhammadu","Nganion","MF",24,1996,0.78,-0.06,1.25,0.01,-0.01,1.23,0.07,-0.04,NA,14.78,0.05,0.07,0.08,0.06,0.19,0.01,-0.17,-0.09,69.99,79.92,87.48,1191.28,249.91,36.39,38.77,93.48,26.33,29.93,87.55,7.44,8.79,85.67,0.05,0.04,-0.01,0,8.73,1.2,1.32,3.69,1.2,1.32,1.25,0,-0.03,-0.08,0.09,NA,0.08,13.7,1.31,9.1,2.51,8.8,2.41,2.44,-0.07,-0.09,2.44,1.33,2.44,-0.06,-0.05
"318","I. Aidoo","Nganion","MF",29,1991,0.82,-0.02,2.43,0.09,0.02,2.69,0.09,-0.06,NA,28.34,0.09,0.02,1.23,0.13,0.12,-0.04,-0.07,-0.19,91.37,111.22,82.03,1991.38,356.26,32.48,39.92,81.34,40.08,42.45,94.04,18.83,27.44,68.13,0.04,0.13,-0.07,2.49,7.46,1.18,-0.01,9.91,4.96,3.72,2.42,2.5,0.03,2.53,3.67,66.69,1.3,18.74,10.02,53.24,3.73,12.49,2.46,1.2,-0.08,0.09,1.24,1.21,6.18,1.24,0.06
"319","I. Mponda","Nganion","MF",29,1992,5.25,0.09,1.33,0.2,14.37,1.41,0.25,-0.05,-0.02,19.59,0.02,-0.09,0.25,0.08,0.23,0.08,-0.17,-0.2,74.56,84.86,87.85,1383.98,376.4,34.5,37.44,92.03,28.39,29.92,94.34,10.99,15.84,68.95,-0.07,0.02,-0.07,1.92,11.22,1.28,0.31,7.43,2.06,1.88,0.67,1.21,0.35,0.91,1.81,50.05,1.03,16.4,6.55,40.27,3.57,7.84,5.05,0.79,-0.08,-0.08,0.84,0.39,2.42,0.53,0.03
"320","P. Tibesigwa","Nganion","MF",18,2002,7.1,-0.04,0.02,-0.06,NA,-0.01,-0.09,NA,NA,NA,-0.09,-0.01,-0.03,0.06,0,NA,-0.07,0.08,61.3,66.63,91.82,1189.43,230.92,25.27,26.97,93.6,25.94,27.85,93.38,9.04,10.11,90.2,0.09,0.21,-0.24,1.47,9.69,1.47,0.4,6.24,0.97,0.68,0.38,0.42,0.13,0.53,0.98,42.85,0.65,14.94,5.47,36.59,3.04,7.19,4.52,1.05,0.04,0.08,1.08,0.93,1.95,0.2,-0.01
"321","T. Nakirijja","Nganion","MF",24,1996,2.51,0,1.12,0.32,33.27,1.15,0.49,-0.01,0.07,17.96,0.08,-0.02,0.09,0.13,0.03,0.13,-0.19,-0.02,72.41,77.62,93.3,1485.62,236.31,24.08,25.6,93.77,35.91,38.86,92.74,12.31,12.83,96.98,0.06,0.12,0.01,0.73,9.61,0,0.05,4.72,1.66,1.13,0.72,0.86,0.03,0.34,1.14,33.32,0.72,13.1,3.62,27.3,4.78,6.42,2.09,0.5,-0.05,0.09,0.35,0.73,2.5,2.71,-0.01
"322","Z. Gholami","Nganion","MF",32,1988,4.42,-0.05,0.64,0.19,33.36,0.7,0.2,-0.01,0.06,10.66,0.01,-0.04,-0.02,-0.03,0.08,0.07,-0.06,-0.08,66.51,73.03,91.29,1262.41,287.08,24.59,26.11,93.8,33.21,35.43,93.61,8.12,9.57,85.67,-0.08,-0.01,-0.13,1.01,7.42,0.99,0.09,6.85,2.58,2.58,1.14,1.18,0.29,0.69,1.33,50.08,0.71,18.95,7.23,38.65,6.35,9.8,2.69,1.18,0,0.07,1.23,1.51,4.13,1.34,0.04
"332","P. Bauri","Ngoque Blicri","DFMF",24,1996,3.09,-0.09,1.04,0.01,-0.01,0.98,-0.09,-0.06,NA,9.98,0.08,-0.03,-0.08,0.05,0,0.15,-0.17,-0.08,35.31,39.99,88.36,683.01,258.06,14.9,16.76,90.03,16.04,16.99,94.04,3.64,4.98,73.36,0.01,0.1,0.1,0.03,2.27,0.08,0.07,3.95,1.94,1.09,1.42,0.67,0.05,1.06,1.01,99.93,0.04,16.22,4.33,26.41,7.59,6.76,2.08,2.33,0.38,0.06,2.09,2.75,4.67,1.96,0.06
"338","A. Lombardi","Ngoque Blicri","MF",28,1992,1.69,-0.01,1.26,-0.03,-0.07,1.21,-0.01,0.02,NA,23.08,0.07,0.04,-0.08,0.14,0.14,-0.02,-0.14,-0.09,28.11,35.21,79.93,541.27,157.68,9.42,12.95,72.7,14.67,16.46,89.33,2.86,4.09,71.43,0.08,0.17,-0.15,1.13,3.03,2.25,0.59,5.22,2.91,1.23,1.79,1.2,-0.03,1.12,4.04,28.66,3.01,31.13,5.88,18.98,11.23,14.11,5.83,1.14,0.05,0.09,1.24,1.23,4.04,1.11,-0.03
"339","D. Masereka","Ngoque Blicri","MF",26,1994,0.4,-0.08,5.99,0.05,0,5.95,0.03,0.08,NA,22.06,-0.08,-0.09,-0.08,0.3,0.2,-0.05,-0.28,-0.22,30.02,44.05,68.2,590.02,164.09,11.93,15.96,75.08,13.96,16.07,87.49,3.96,11.92,33.38,0.09,0.49,-0.41,2,1.93,2.01,2.03,2.06,0.02,-0.09,0.07,-0.09,0.02,-0.01,0.01,NA,-0.03,4.07,0.03,0.02,0.08,4.03,0.03,0.08,0.1,0.01,0.01,0.05,0.08,-0.04,-0.05
"340","J. Brouwer","Ngoque Blicri","MF",27,1993,2.21,0.5,0.92,0.52,49.98,0.89,0.47,0.55,0.93,21.17,-0.02,-0.05,-0.03,-0.04,-0.04,-0.01,0.44,0.42,36.59,39.1,93.37,687.46,107.83,13.98,14.21,97.02,18.22,19.12,95.53,4.4,5.22,83.3,0.08,0.01,-0.04,0.82,3.42,0.42,-0.02,3.12,0.82,0.4,0.36,0.46,-0.01,0.52,3.05,14.21,2.7,22.65,3.96,17.33,7.39,13.44,1.7,1.32,-0.04,0.05,1.24,2.1,3.09,0.41,0.06
"341","Y. Diallo","Ngoque Blicri","MF",19,2001,0.73,0.01,0.07,0.05,NA,0.02,0.05,NA,NA,NA,0.08,0.08,0.03,0.05,0.03,NA,-0.02,0.03,50.06,56.36,88.93,891.38,127.6,21.24,22.45,94.33,23.71,26.28,90.4,5.05,7.56,66.75,0.03,-0.02,-0.02,-0.02,2.59,0.06,-0.03,1.22,3.68,1.34,2.48,1.31,0.07,0.09,2.42,-0.1,2.41,25.02,7.6,29.97,9.98,9.93,5.07,1.16,-0.03,0.02,1.16,0.07,3.76,0.09,-0.08
"342","Z. Cher","Ngoque Blicri","MF",26,1994,3.08,0,2.43,0.26,14.34,2.34,0.32,0.1,0.07,15.53,-0.01,0.04,-0.09,0.26,0.15,0.07,-0.15,-0.31,22.69,27.7,81.81,421.32,101.62,8.6,9.62,89.77,12.06,13.04,92.28,1.95,4.1,49.92,-0.08,0.15,-0.12,0.66,3.35,0.71,0.01,2.68,2.33,1.66,1.09,0.66,0.68,1.04,2.34,42.89,1.41,25.68,8.09,31.29,6.36,13.35,5.99,0.36,0.04,0.08,0.27,2.94,5.39,0.93,-0.05
"353","V. Yang","Nkasland Cronestan","FWMF",17,2003,0.52,0.02,0.06,0.06,NA,-0.07,0.05,NA,NA,NA,-0.01,-0.01,-0.05,0.07,0.07,NA,-0.05,0.03,25,29.93,83.33,494.95,165.01,11.61,11.68,99.94,10.05,11.64,85.77,3.27,3.33,99.91,0.08,0.07,0.04,-0.03,1.7,-0.09,0.04,1.64,1.59,1.69,1.67,-0.01,0.08,1.59,1.6,100,0.08,24.93,6.69,26.67,5,15.03,5.1,4.98,-0.04,0.05,5,1.7,3.28,-0.06,0.01
"354","Y. Beh","Nkasland Cronestan","FWMF",24,1997,1.76,0.05,2.71,0.61,20,2.79,0.6,0.1,-0.04,13.76,-0.05,-0.04,0.02,0.24,0.2,0.01,-0.1,-0.18,10.5,17.77,59.47,192.11,15.09,5.06,7.2,69.18,3.8,6.04,63.64,1.58,3.9,42.86,-0.06,-0.04,0.04,0.49,0.63,0.52,-0.05,0.65,1.76,1.74,0.5,-0.07,1.05,0.55,0.65,99.99,0.09,20.61,6.61,32.38,3.37,11.77,5.52,0.58,0.08,0.05,0.54,0.08,1.57,0.61,-0.04
"356","D. Kikuchi","Nkasland Cronestan","MF",21,1999,1.02,-0.09,-0.01,-0.08,NA,-0.02,-0.03,NA,NA,NA,-0.1,0.06,-0.01,0.01,0.05,NA,0.07,0.03,13.91,22.9,60.9,384.07,127.98,3.91,5.03,80.08,5.04,6.97,71.46,5,9.96,49.91,0.03,0.26,-0.14,1.02,1.94,0,-0.1,1.91,1.91,0.95,0.97,1.1,-0.1,0.96,3.01,33.36,1.97,34.08,5.07,14.79,10.03,19.98,4.08,2.04,0,0.02,1.97,0.05,1.9,5.02,-0.04
"357","O. Kraus","Nkasland Cronestan","MF",30,1990,2.23,-0.02,0.42,-0.09,-0.05,0.46,0.02,-0.02,NA,28.29,-0.08,0.01,-0.06,0.01,-0.06,0.06,-0.05,-0.05,36.06,51.68,69.8,548.37,115.68,19.96,23.5,85.23,11.74,14.76,79.34,3.13,9.07,33.26,-0.08,0.17,-0.05,0.4,3.51,0.46,0.47,1.69,1.77,0.97,0.5,0.82,0.44,0.34,2.24,19.97,1.71,32.96,7.48,22.43,8.77,16.05,8.28,0.93,0.87,-0.06,-0.09,0.92,2.69,1.33,0.08
"358","S. Greco","Nkasland Cronestan","MF",22,1998,0.16,-0.1,10,-0.01,-0.08,6.92,0.02,-0.02,NA,18.47,0.08,0.08,0.08,0,-0.07,-0.03,0,0.09,50.06,120.06,41.69,799.91,530,29.91,29.93,100.05,19.99,29.96,66.62,-0.09,29.98,-0.09,0.04,1.02,-0.94,10.08,-0.01,0.09,-0.1,10.04,-0.09,-0.01,0.07,0.09,0.08,-0.1,0.07,NA,-0.1,9.91,0.07,-0.05,9.95,-0.09,-0.02,0.05,0.03,0.04,0.02,0.09,0.09,0.02,0.07
"359","Y. Almutairi","Nkasland Cronestan","MF",25,1995,0.89,1.2,3.3,2.14,66.76,3.41,2.21,0.34,0.53,14.02,0.06,-0.02,-0.06,0.5,0.55,0.11,0.56,0.5,28.88,36.79,78.78,472.22,109.99,14.45,19.98,72.24,12.21,13.31,91.62,2.29,2.28,99.91,-0.04,0.06,-0.05,2.14,3.27,-0.09,-0.09,1.11,2.26,1.05,2.21,-0.05,-0.05,1.19,2.12,49.99,1.19,23.38,5.51,23.7,10.1,5.62,7.69,0.05,0.02,-0.04,0.08,2.14,4.5,1.1,-0.02
"360","Q. Liang","Nkasland Cronestan","MFFW",26,1994,2.86,0.09,2.37,0.62,28.65,2.32,0.68,0.04,0.01,23.29,0.07,0.05,-0.05,0.19,0.04,0.01,-0.01,-0.16,34.5,46.57,74.13,563.79,197.85,19.98,22.07,90.58,9.7,12.45,77.81,3.85,9.32,40.64,0.31,0.22,0.12,2.7,3.15,1.76,0.36,2.37,0.97,0.65,0.6,0.29,-0.07,0.01,0.32,0.09,0.34,17.2,6.29,35.99,5.21,5.95,6.26,1.29,0.33,0.01,1.11,1.8,2.67,0.77,0
"361","X. Nyombi","Nkasland Cronestan","MFFW",31,1990,1.52,0.03,2.76,0.62,24.93,2.7,0.68,-0.07,0.06,26.91,0.03,0.09,-0.01,0.01,0.12,0.12,-0.14,-0.07,42.72,55.97,76.19,755.33,229.96,21.33,24.8,86.48,18.04,23.93,74.93,3.43,7.26,45.43,0.01,-0.07,0.07,0,3.91,1.36,0.02,4.75,1.29,-0.02,1.27,-0.05,-0.08,0.01,1.28,0,1.3,14.61,4.73,31.83,3.28,4.73,6.62,0.68,0.62,0.1,0.06,2.66,3.99,1.25,-0.02
"374","J. Singini","People's Land of Maneau","FWMF",20,2000,1.72,0.05,1.21,0.01,0.01,1.21,-0.08,-0.01,NA,13.56,-0.07,-0.08,-0.07,0.1,0.21,0.08,-0.1,-0.09,35,41.63,83.98,629.34,71.66,14.9,14.91,100.02,13.39,16.09,82.83,5.63,7.87,71.39,0,0.12,0.03,1.66,0.58,0.06,0.08,0.65,0.01,-0.05,-0.03,0.03,0.02,0.09,0.58,-0.03,0.52,23.38,7.14,30.96,6.21,9.48,7.85,0.51,0.05,-0.02,0.56,0.09,0.01,0.06,0.09
"375","K. Namuwaya","People's Land of Maneau","FWMF",25,1995,2.06,-0.07,1.05,0.51,49.9,0.93,0.45,-0.05,0.01,17.77,-0.05,-0.03,-0.02,0.05,0.13,0.11,-0.07,0.04,32,38.51,83.01,470.97,88.55,17.99,20.06,90.06,13.43,14.95,89.95,0.4,1.96,25.08,0.91,0.44,0.47,2.56,1.93,2.48,-0.05,4.46,0.53,0.54,0.42,0.08,-0.08,0.01,0.05,NA,0.04,16.93,3.48,20.65,4,3.5,9.58,0.95,0.06,0.08,0.99,0.98,1.53,0.58,-0.1
"376","T. Aguti","People's Land of Maneau","FWMF",26,1994,7.11,0.35,2.02,1.08,57.18,1.96,1.2,0.27,0.41,14.27,-0.04,0.07,0.13,0.41,0.37,0.2,0.07,0.14,23.74,28.55,83.13,318.96,57.55,14.99,16.81,89.12,7.92,9.07,86.24,0.18,1.15,24.97,0.23,0.16,0.09,0.42,0.81,1.21,0.2,1.75,0.69,0.55,0.38,0.28,0.09,0.31,0.41,66.69,0.11,9.47,2.81,29.88,2.45,3.31,3.59,0.72,0.03,0.04,0.61,1.2,2.03,-0.03,0.1
"378","A. Ono","People's Land of Maneau","MF",17,2003,0.65,0.01,0.01,-0.01,NA,-0.06,-0.07,NA,NA,NA,-0.01,-0.05,0.02,-0.06,0.02,NA,-0.02,0.09,29.99,36.64,81.8,533.26,58.25,15.03,16.76,90.04,11.78,13.34,87.44,3.25,3.41,99.91,-0.04,-0.01,0.08,0.07,-0.02,0.06,-0.02,0.03,6.61,1.74,1.66,1.64,3.3,-0.01,1.65,0.09,1.62,38.33,8.36,21.8,11.63,19.96,6.57,-0.02,-0.07,-0.06,-0.09,5.06,11.73,-0.1,-0.06
"379","C. Saad","People's Land of Maneau","MF",25,1995,7.35,0.04,0.45,0.19,25.02,0.64,0.16,0.05,0.06,23.79,-0.04,0.07,-0.04,-0.03,0.11,0.05,-0.05,-0.05,39.98,45.96,86.8,782.56,125.34,14.28,15.88,89.88,20.31,20.83,96.82,4.75,7.7,61.4,0.15,0.08,0.12,0.38,2.88,0.77,0.08,2.07,2.24,1.65,0.75,1.05,0.31,0.48,2.07,18.7,1.73,30.89,6.42,20.46,7.83,19.16,3.96,1.25,0.02,-0.05,1.24,1.18,3.19,1.96,0
"380","H. Twongirwe","People's Land of Maneau","MF",30,1990,1.74,0.51,0.65,0.61,99.91,0.54,0.58,1.07,0.96,4.91,-0.01,-0.04,0.06,0.2,0.09,0.24,0.32,0.44,59.44,69.46,85.57,1075.88,238.13,22.82,25.97,88.53,31.23,34.11,91.45,4.78,8.8,53.27,-0.03,0.08,-0.03,-0.09,5.97,1.11,-0.01,5.32,1.16,1.11,1.16,-0.04,0.06,0.53,2.43,24.93,1.75,20.04,5.8,29.47,6.56,11.19,2.4,1.66,0.1,0.05,1.75,1.15,2.27,1.69,0.01
"381","I. Iddrisu","People's Land of Maneau","MF",22,1999,5.92,-0.03,0.14,0.21,100.04,0.13,0.23,-0.03,-0.01,22.4,-0.06,0.06,0.04,0.06,-0.04,0.04,0.1,-0.08,49.68,53.53,92.63,990.75,176.86,14.64,15.71,93.57,28.1,29.46,95.47,5.86,7.13,83.37,0.07,0.08,-0.04,0.14,4.96,0.36,0.05,3.09,2.14,0.91,0.51,1.45,0.24,1.07,2.45,42.95,1.37,18.71,6.21,33.32,5.32,11.41,2.2,1.26,0.43,0.05,0.63,3.15,5.35,2.09,-0.04
"382","O. Nampeera","People's Land of Maneau","MF",22,1999,5.19,0.06,1.45,0.35,28.65,1.41,0.39,0.01,0.02,17.61,0.05,-0.04,0.15,0.12,0.01,-0.02,-0.04,-0.11,29.16,36.01,81.06,448.07,134.98,15.18,15.95,95.14,8.36,10.31,81.17,3.04,5.13,57.65,0.04,0.18,-0.13,1.82,1.34,1.41,0.08,2.38,1.64,0.8,0.61,0.31,0.59,0.44,1.45,28.52,1.07,23.34,5.55,23.51,4.47,10.85,8.11,1.84,0.11,-0.05,1.56,0.22,1.77,-0.07,-0.07
"390","M. Nabukwasi","Quewenia","DFMF",29,1991,2,-0.09,0.99,0.43,50.04,1.02,0.54,0.03,0.1,8.7,-0.08,-0.01,-0.02,-0.05,0.01,0.15,-0.12,-0.05,52.94,61.08,86.64,1226.24,323.24,13.32,13.28,99.96,28.53,30.52,93.76,11,14.75,74.12,0,0.08,0.02,0.05,4.81,0.44,-0.02,2.81,0.53,0.52,-0.1,0.56,-0.06,0,0.42,0.04,0.48,10.99,2.33,21.64,5.81,4.68,0.56,1.81,0.88,0.01,0.92,1.84,2.43,1.47,-0.06
"393","G. Odoch","Quewenia","FWMF",22,1998,1.8,0.07,0.47,-0.02,0.04,0.54,-0.1,-0.06,NA,15.93,-0.04,0.08,0.07,-0.05,0.07,0.06,-0.13,0.04,23.69,31.12,76.22,362.51,95.8,13.64,15.23,89.7,7.86,9.5,83.32,2.08,5.87,36.3,0.02,0.04,-0.02,1.01,1,0.56,-0.1,1.54,2.06,1.15,1.57,-0.09,0.44,0.63,1.66,33.23,1.02,16.33,5.87,35.5,5.82,6.91,3.75,1.02,-0.07,-0.05,1.09,4.24,6.38,2.67,-0.06
"394","H. Kurnia","Quewenia","FWMF",31,1989,1.76,0.57,0.52,0.68,99.99,0.51,0.51,1.06,1.07,16.94,-0.1,-0.06,-0.07,0.04,0.08,0.09,0.55,0.4,13.42,18.28,74.13,178.82,24.15,7.73,9.36,81.23,4.11,5.84,69.95,0.53,0.61,99.94,0,0.13,-0.17,1.22,1.26,0.04,0,0.68,0.51,-0.07,0.57,0,-0.07,-0.09,0.62,-0.04,0.68,22.33,6.48,28.98,4.22,10.54,7.68,1.15,0.6,-0.06,0.68,-0.01,0.65,0.62,-0.03
"395","V. Nyakudya","Quewenia","FWMF",27,1993,0.89,0.06,0.07,0.09,NA,-0.01,-0.05,NA,NA,NA,0.03,0.1,-0.01,0.07,-0.01,NA,-0.06,0.03,10.06,23.78,42.01,172.54,42.52,3.72,6.29,59.97,3.77,12.54,29.94,1.31,3.75,33.21,-0.07,-0.05,-0.08,-0.08,-0.08,-0.09,0.08,0.09,7.49,6.34,5.1,1.18,1.2,4.99,6.33,80.06,1.26,37.49,8.66,23.25,11.37,15.01,11.2,0.07,-0.09,0.1,-0.04,2.45,9.97,3.68,0.03
"396","Z. Uy","Quewenia","FWMF",29,1991,0.31,0.06,5.04,2.54,49.99,4.54,2.15,0.06,0.08,14.48,0.01,-0.1,0,0.32,0.29,0.07,-0.23,-0.3,50.08,62.43,80.08,655.09,184.99,35.03,42.46,82.45,9.91,10.08,99.96,2.52,2.55,99.93,0.02,-0.07,0.02,-0.08,5.06,-0.06,0.04,2.54,5,5.01,2.51,2.46,-0.08,-0.01,0.06,NA,0.1,50.06,14.98,29.95,12.48,20.07,17.43,0.02,0.03,0,0.04,2.59,7.44,-0.01,-0.08
"398","H. Adjei","Quewenia","MF",28,1992,5.01,-0.08,-0.1,-0.06,NA,0,-0.07,NA,NA,NA,-0.02,-0.07,-0.02,-0.1,-0.06,NA,0.08,0.08,43.82,48.72,89.97,764.4,202.2,20.48,21.69,94.55,18.98,20,95.07,4.36,6.17,68.84,0.13,0.15,0.05,0.95,3.49,0.49,-0.04,3.72,2.17,1.47,0.89,1.04,0.1,0.41,2.2,18.1,1.72,20.77,5.97,28.26,8.85,8.72,3.29,1.47,0.47,-0.08,1.25,1.8,3.89,1.35,-0.09
"399","K. Abalo","Quewenia","MF",28,1992,4.29,-0.08,0.93,-0.08,-0.09,1,-0.04,-0.01,NA,25.95,0,0.08,0.55,0.17,-0.03,0.07,-0.16,-0.13,66.2,73.21,90.54,1262.35,362.91,27.64,30.14,91.54,29.17,30.8,94.75,9.15,10.93,82.91,0.23,0.12,0.26,1.13,8.14,1.11,0.08,6.77,2.28,1.31,1.17,1.01,0.14,0.6,2.13,33.21,1.4,16.4,2.7,17.14,5.49,9.13,1.65,1.47,0.69,0.08,0.75,1.56,3.85,1.46,0.03
"400","O. Obeng","Quewenia","MF",24,1996,1.31,0.08,1.47,0.07,-0.07,1.45,-0.01,0.05,NA,15.31,-0.07,0,0,0.12,0.11,0.1,0.03,-0.12,15.72,20.1,78.66,245.72,69.21,7.21,7.23,100.07,7.16,9.99,71.34,-0.07,1.42,0.07,-0.08,-0.03,-0.06,-0.1,1.5,0.09,-0.1,2.08,2.13,-0.03,2.06,0.07,-0.01,-0.02,-0.07,NA,0.04,13.53,4.2,31.55,7.11,5.06,1.43,1.5,0.68,0.01,0.78,2.04,4.2,0.06,-0.02
"401","Q. Nakityo","Quewenia","MF",29,1991,4.07,0.66,2.64,1.12,45.56,2.66,1.19,0.32,0.63,21.58,0.02,-0.08,-0.01,0.29,0.32,0.12,0.45,0.43,29.33,40.47,72.37,632.13,137.76,12.7,14.6,86.66,10.56,14.05,74.12,6.06,11.59,53.12,0.34,0.26,-0.01,2.51,3.23,1.27,0.16,3.39,0.65,0.15,0.47,0.33,-0.01,0.21,0.24,99.96,0.05,11.53,1.48,12.8,1.62,5.93,3.97,0.44,0.08,-0.1,0.42,0.54,1.28,-0.04,-0.06
"402","Q. Ow","Quewenia","MF",23,1997,0.43,0.03,1.98,0.02,-0.08,1.85,0,-0.01,NA,26.17,-0.06,0.05,-0.06,0.02,-0.09,0.03,-0.06,0.07,13.98,27.99,49.98,237.99,48.02,6.08,11.96,50.08,8.09,8.09,100.07,0.08,3.93,0.06,-0.08,-0.02,-0.08,0.02,0.03,0,-0.03,0.05,4.09,2,2.03,-0.05,2.02,-0.06,4.03,-0.03,3.98,37.93,12,31.55,24.03,9.93,4.08,4.1,0.03,-0.07,4,2.05,6.04,3.98,-0.02
"421","D. Sigauke","Sobianitedrucy","MF",23,1997,5.29,0.21,0.88,0.39,39.95,0.98,0.32,0.16,0.58,22.05,0.01,0.02,-0.1,0.12,0.12,0.08,0.07,0.23,38.87,45.93,84.58,630.97,176.98,21.39,23.48,91.01,12.78,15.66,81.45,3.78,4.86,79.95,0.24,-0.01,0.18,1.74,3.1,1.53,0.02,5.2,1.35,1,0.79,0.62,0.07,-0.03,1.47,0.09,1.64,21.23,5.09,23.61,2.78,11.24,7.29,0.79,-0.06,-0.04,0.79,0.89,2.41,0.07,-0.05
"422","F. Lee","Sobianitedrucy","MF",23,1998,3.09,0.73,1.76,0.97,59.99,1.58,0.89,0.5,0.68,17.99,-0.05,0.04,0.05,0.26,0.18,0.09,0.31,0.44,41.1,46.36,88.59,778.04,190.61,19.76,21.3,92.28,14.37,16.68,86.06,7.07,8.28,84.07,0.09,-0.01,-0.1,1.05,4.95,-0.05,0.04,3.68,2.62,1.41,0.62,1.3,0.67,0.93,1.77,59.97,0.71,19.78,4.42,21.93,6.7,9.29,3.6,0.6,0.01,-0.04,0.7,0.77,3.41,3.08,0.03
"423","I. Makavan","Sobianitedrucy","MF",29,1991,7.8,0.06,-0.09,0.05,NA,0.04,0.08,NA,NA,NA,0.04,-0.04,-0.03,-0.09,0.01,NA,-0.1,0.03,62.49,66.46,94.09,1057.63,280.58,28.32,29.19,96.83,29.66,30.43,97.58,3.72,5.62,65.8,-0.07,0.02,-0.05,0.69,7.2,0.73,-0.02,4.53,1.98,1.1,1.17,0.36,0.43,1.25,3.7,30.95,2.57,17.38,5.77,33.19,5.53,10.09,1.95,1.87,0.21,-0.06,1.73,2.35,4.13,1.11,0.07
"424","I. Marie","Sobianitedrucy","MF",28,1992,4.44,-0.04,0.93,0.44,50.04,0.93,0.51,0.03,0.02,17.24,-0.05,-0.09,-0.01,0.03,0.15,0.01,0.04,-0.1,90.46,96.69,93.6,1521.85,343.56,45.53,47.06,96.67,35.43,36.82,96.26,7.85,9.53,83.24,0.47,0.3,0.28,3.21,7.55,1.09,0.16,4.94,3.88,2.59,1.82,2.05,0,1.2,2.64,41.73,1.64,17.28,5.98,34.27,5.17,6.69,5.38,1.16,0.3,0.09,0.87,1.61,5.49,0.83,0.02
"425","J. Hasahya","Sobianitedrucy","MF",23,1997,0.04,0.07,0.03,-0.03,NA,0.08,-0.03,NA,NA,NA,0.05,0,0.02,0.02,-0.02,NA,0,-0.1,2.97,3.09,100.04,31.99,0.01,3.06,2.97,100.08,-0.06,0.03,NA,0.03,0.04,NA,-0.1,0.09,-0.1,0.02,-0.04,0.03,-0.1,-0.07,-0.07,-0.1,-0.09,0.09,-0.06,0.07,0.07,NA,-0.02,0,0.07,NA,0.03,0.1,0.08,-0.02,-0.02,0.1,-0.04,-0.02,-0.06,-0.08,-0.04
"426","X. Wouters","Sobianitedrucy","MF",23,1997,2.09,0.94,1.97,1.52,75,1.82,1.42,0.46,0.69,10.81,-0.1,0.01,0.06,0.28,0.48,0.24,0.51,0.5,20.43,26.62,76.86,308.99,60.45,12.47,15.73,78.86,6.75,9.61,70.02,1.03,0.94,100.08,-0.07,-0.01,-0.13,1.36,1.94,-0.02,0.03,1.97,0.96,1.01,0.5,0.02,0.4,0.43,0.96,49.93,0.42,13.87,2.77,20.79,2.87,5.27,5.66,2.29,-0.08,-0.05,2.38,1.43,2.35,0.92,0.06
"427","Z. Delemovi?","Sobianitedrucy","MF",25,1995,1.42,-0.05,1.41,0.73,50.04,1.27,0.65,0.08,0.05,17.01,0.09,0.06,0.05,0.13,0.02,-0.02,0.03,0.02,41.31,49.27,83.87,821.31,188.77,18.6,20.71,90.24,16.66,18.76,89.31,6.04,8.73,69.23,0,0.01,-0.04,0.65,4.66,0.09,0.04,4.02,2.07,1.29,0.66,0.6,0.6,0.04,1.4,-0.06,1.35,17.22,4.61,26.99,4.67,9.33,3.25,1.95,0.1,-0.1,2.04,0.76,2.62,0.73,-0.1
"438","X. Boateng","Southern Ristan","DFMF",26,1994,0.34,-0.02,0.05,0.01,NA,0.05,0.07,NA,NA,NA,-0.01,0.01,-0.04,0.05,-0.07,NA,0.05,-0.02,26.65,30,88.95,433.27,46.76,13.27,16.79,79.98,13.33,13.21,99.91,0.06,-0.01,NA,0.01,0.1,0.07,0.07,-0.06,-0.04,0.03,-0.07,-0.1,0.09,-0.03,0.03,-0.09,0.08,3.32,-0.02,3.39,19.99,-0.08,0.05,0.05,9.91,9.96,-0.03,-0.04,0.04,-0.04,0.07,0.1,-0.04,0.01
"442","A. Lefevre","Southern Ristan","MF",29,1991,3.07,0.42,1.65,1.06,60.01,1.76,0.99,0.17,0.31,20.83,-0.09,-0.09,0.03,0.04,0.03,0.04,0.24,0.32,45.32,60.79,74.77,919.05,280.35,20.34,23.77,85.85,14.93,20.38,73.8,9.61,14.73,65.87,0.71,0.74,0.02,4.24,6.67,2.33,-0.08,6.6,0.74,0.38,0.25,-0.07,0.39,0.69,1.25,50.06,0.64,17.05,2.57,15.75,3.03,7.41,6.75,1.74,-0.09,-0.04,1.73,0.01,0.63,0.05,0.07
"443","B. Amin","Southern Ristan","MF",18,2002,1.71,0.04,1.59,0.51,33.26,1.58,0.52,-0.03,0.03,17.89,-0.1,-0.07,-0.06,0.09,0.12,-0.02,-0.13,-0.2,26.71,33.27,80.04,394.41,55.68,16.11,18.93,85.29,8.84,12.17,72.65,1.64,1.57,100.01,0.1,0.16,-0.02,1.71,1.16,1.76,-0.06,1.68,1.59,1.2,1.14,0.56,0.05,0.55,1.16,50.05,0.6,13.33,3.9,29.27,2.8,3.97,6.58,0.54,-0.02,0.06,0.51,0.05,1.7,-0.07,-0.03
"444","C. Mitrovi?","Southern Ristan","MF",25,1995,1.7,0.09,0.59,0,0.06,0.65,0.07,-0.04,NA,15.93,0.1,-0.1,0.04,0.06,-0.02,0.17,-0.06,-0.16,45.83,52.87,86.7,831.89,97.2,21.88,23.41,92.45,19.33,21.71,89.24,4.74,7.16,66.7,-0.04,-0.04,0.02,-0.06,1.68,0.07,-0.07,0.08,1.26,0.61,0.01,1.15,0.07,0.5,1.27,49.96,0.58,20.04,4.15,20.56,10.08,9.48,0.67,1.72,0.63,0.05,1.18,1.77,2.97,1.74,-0.1
"445","H. Leong","Southern Ristan","MF",23,1997,3.84,0,0.58,0.06,-0.06,0.44,-0.09,-0.06,NA,26.69,0.01,0.04,-0.02,0.06,0.09,0.08,-0.06,-0.02,48.12,56.28,85.44,902.39,209.12,19.41,21.55,90.23,21.69,24.54,88.13,5.97,7.65,79.37,0.07,0.12,-0.05,0.59,4,0.74,0.33,3.6,1.82,1.92,1.13,0.54,0.17,0.51,2.03,25.01,1.62,13.44,4.39,33.21,5.23,7.02,1.14,1.23,0.35,-0.07,1.11,0.49,2.42,0.79,0.05
"446","I. Reilly","Southern Ristan","MF",32,1989,3.43,-0.08,0.64,0.32,50.03,0.51,0.34,0.04,0.01,24.49,-0.08,-0.04,0.09,-0.04,0.07,0.01,0.07,0.05,58.79,61.45,95.65,1096.42,161.51,24.78,25.58,96.68,27.18,28.22,95.7,6.56,6.77,95.74,0.03,0.07,-0.04,0.83,3.59,-0.02,0.06,1.75,2.12,1.75,1.47,0.22,0.3,0.58,2.06,28.58,1.54,13.29,4.05,31.05,7,4.94,1.09,0.33,0.29,0.04,-0.05,0.01,2.14,0.91,-0.06
"447","K. Clark","Southern Ristan","MF",33,1987,2.05,-0.08,0.58,0.43,99.98,0.47,0.52,-0.06,-0.08,7.23,0.02,0.1,0.02,-0.01,0.12,0.07,-0.14,-0.14,14.5,23.99,60.37,228.58,80,7.02,10.04,69.98,6.41,9.52,68.49,0.59,2.55,20,0.51,0.02,0.36,0.58,1.47,0.51,0.03,2.01,1.96,1.91,0.47,0.91,0.54,0.05,2.56,-0.04,2.54,23.5,4.48,19.14,4.97,12.09,6.46,1.04,0.51,-0.1,0.58,1.54,3.46,0.51,-0.05
"448","N. Utami","Southern Ristan","MF",30,1991,2.53,0.08,1.96,0.87,40,2.07,0.89,0.01,-0.07,17.48,-0.04,0.06,-0.08,0.12,0.12,0.1,-0.19,-0.2,48.49,55.51,87.17,796.75,180.79,26.03,29.3,88.93,19.14,21.95,87.3,3.29,3.54,88.91,0.44,-0.02,0.28,0.83,3.68,1.17,0.34,4.82,1.19,0.47,0.44,0.71,0.08,0.44,0.8,49.92,0.41,8.06,0.88,10,1.6,1.96,4.43,2.07,0.1,0.08,2.07,1.3,2.45,0.03,-0.06
"449","O. Nalubega","Southern Ristan","MF",27,1993,1.45,0.09,0.72,0.01,0.08,0.74,0.04,-0.02,NA,13.03,-0.03,0.03,0.01,0.04,0.03,0.09,-0.06,-0.16,24.76,31.96,77.02,386.64,81.35,15.33,16.09,95.8,5.34,7.27,72.7,2.76,6.09,44.43,-0.02,0.01,0,0.69,2.71,0.08,0.04,1.91,0.75,-0.01,0.02,0.76,-0.01,0.08,0.04,NA,-0.04,14.79,2.62,18.28,2.61,1.93,9.99,1.98,0.01,0.09,2,0.72,1.42,0.08,-0.08
"450","V. Chun","Southern Ristan","MF",28,1992,-0.06,-0.08,0,0.02,NA,0.03,0.06,NA,NA,NA,0.04,0.07,0.04,-0.01,-0.04,NA,0,0.01,1.94,1.91,99.95,25.07,4.97,1.98,2.08,99.95,0.02,0.1,NA,0.07,-0.05,NA,-0.08,0,0.01,-0.05,0.1,0.04,0.02,0.09,0.09,-0.07,-0.1,0.07,0.03,0.05,-0.05,NA,0,1.02,0.09,-0.05,0.96,0.02,0.03,0,0.05,-0.02,-0.04,-0.08,-0.06,-0.06,-0.07
"451","X. Nakanwagi","Southern Ristan","MF",27,1993,0.19,0.05,0.08,-0.07,NA,0.05,-0.03,NA,NA,NA,-0.09,0.04,0.03,-0.06,-0.07,NA,0.06,-0.06,55.07,60.1,91.7,694.94,130.05,30.06,29.91,100.09,20.03,19.91,99.94,-0.04,0.04,NA,0.08,-0.05,0.04,0.02,0.04,-0.1,0.05,-0.03,0.08,-0.07,-0.08,-0.01,-0.05,0.06,0.09,NA,0.01,14.92,-0.1,0,-0.07,10.08,5.06,-0.07,0.09,-0.07,-0.08,-0.01,0.08,-0.06,-0.07
"459","C. Kalua","Varijitri Isles","MF",26,1994,1.59,-0.05,-0.06,0.08,NA,0.04,0,NA,NA,NA,0.08,-0.06,-0.07,0.01,0.03,NA,-0.1,0.02,42.07,46.61,89.94,800.71,170,16.03,17.24,92.22,17.23,20.64,83.82,6.7,6.67,99.99,0.09,-0.03,-0.1,-0.07,2.76,0.08,0.07,0.03,3.29,1.96,2.59,0.7,-0.1,1.3,2.71,49.94,1.27,16.76,5.37,31.96,8.06,8.06,0.59,2.75,2.09,0.05,0.59,2.73,5.99,6.1,-0.03
"460","F. Krause","Varijitri Isles","MF",24,1996,0.13,0.09,0.02,0.02,NA,0.07,-0.04,NA,NA,NA,0.04,0.08,-0.09,-0.03,-0.02,NA,-0.06,0.04,29.94,39.95,74.92,299.98,180.08,30.05,39.96,75.06,-0.06,0.08,NA,-0.02,-0.05,NA,-0.1,0.05,-0.09,-0.05,-0.08,-0.03,0,0.02,9.92,10.03,-0.07,-0.01,10.03,-0.02,-0.02,NA,0.05,50.03,9.95,19.93,30.09,10.08,10.01,9.93,-0.04,-0.08,10.01,0.04,10.07,0.04,0.01
"461","H. Adokorach","Varijitri Isles","MF",25,1995,1.96,-0.05,1.07,-0.08,-0.04,0.97,-0.06,0.1,NA,26.97,0.09,-0.02,0.05,-0.04,0.01,0.09,-0.03,0.08,38.33,42.01,91.22,684.77,214.73,18.34,19.48,94.66,15.77,18.49,85.61,4.22,4.13,100,-0.01,0.1,-0.18,0.45,5.77,1.06,0.06,4.68,1.05,1.14,0.51,0.58,-0.04,-0.03,-0.08,NA,-0.04,24.15,5.28,21.68,8.97,13.26,2.12,1.01,0.6,-0.1,0.51,3.08,4.25,-0.05,0.04
"462","K. Atto","Varijitri Isles","MF",26,1994,1.86,-0.02,1.09,-0.02,0.07,1.23,-0.07,0.04,NA,8.51,-0.08,0.08,0.07,0.13,0.17,0.01,-0.17,-0.16,13.92,22.8,61.01,164.32,31.15,9.95,12.14,81.82,3.28,7.18,46.17,-0.09,1.69,-0.07,-0.03,0.04,0.07,0.09,0.55,0.02,0.1,-0.06,1.09,1.21,0.54,0.61,-0.01,0.51,1.6,33.38,1.21,19.37,3.32,17.11,6.67,9.36,3.26,0.58,0.62,-0.05,-0.07,1.63,2.69,0.02,-0.05
"463","K. De Boer","Varijitri Isles","MF",25,1995,1.3,0.7,1.52,0.72,50.02,1.61,0.71,0.56,0.96,24.73,0.02,0.02,-0.03,-0.01,0.15,0.05,0.78,0.77,41.56,51.43,80.69,667.76,112.27,23.08,24.68,93.82,13.04,15.46,84.97,3.81,7.59,49.97,0.02,0.16,0.02,3.15,2.37,0.85,0.86,1.46,1.49,1.54,1.47,0.06,0.05,0,3.02,-0.06,3.16,30.74,4.55,14.99,10.71,11.55,8.52,1.47,0.68,-0.1,0.86,2.26,3.93,-0.06,-0.01
"464","K. Mawanda","Varijitri Isles","MF",26,1994,2.97,0.01,0.31,0.26,99.96,0.34,0.44,0.08,0.05,29.2,-0.1,0.05,-0.05,-0.01,-0.1,0.06,-0.09,0.04,41.42,53.72,76.89,784.79,196.57,18.39,21.49,85.42,14.06,17.29,82.03,7.64,12.14,62.87,0.37,0.16,0.22,2.48,3.02,1.3,0.28,3.09,0.36,0.34,0.3,0.01,-0.09,0.09,1.44,0.09,1.38,20.74,5.18,24.91,4.39,11.45,4.92,0.26,0.43,-0.09,0.08,1,1.4,0.03,-0.05
"465","L. Nyarko","Varijitri Isles","MF",20,2000,0.17,-0.04,0,0.08,NA,0.1,0.08,NA,NA,NA,0.04,0.02,0.07,-0.03,-0.01,NA,-0.05,0.08,60.03,70.1,85.68,1589.99,450.03,30.09,29.96,99.94,10.05,10.04,99.96,20.07,29.95,66.73,0.07,0,0.08,10.08,19.94,0.03,-0.09,10.01,0.08,-0.01,0.05,0.03,-0.01,0.06,0.1,NA,-0.09,20.03,-0.04,-0.05,10.07,9.94,0.04,-0.04,0.04,0.02,-0.07,-0.01,-0.03,-0.04,0.02
"466","Q. Higenyi","Varijitri Isles","MF",23,1997,2.34,-0.1,4.01,0.38,11.01,3.92,0.34,0.05,0.02,18.83,-0.03,-0.04,0.02,0.17,0.15,0.06,-0.17,-0.27,23.95,30.83,77.49,445.8,130.35,11.62,14,84.36,7.46,8.34,89.51,3.54,6.03,57.04,0.05,0.05,-0.1,2.68,1.68,2.08,0.88,3.01,1.31,0.44,1.2,0.01,0.08,0.43,1.67,25,1.31,22.5,3.55,15.45,4.88,11.7,6.01,1.81,-0.02,0.03,1.81,0.5,1.77,0.52,0.01
"467","W. Murakami","Varijitri Isles","MF",21,1999,0.21,-0.1,3.41,-0.01,-0.07,2.98,-0.07,-0.09,NA,22.07,-0.02,-0.05,-0.02,0.02,-0.04,0.06,-0.03,-0.06,13.22,23.28,57.1,176.62,56.7,10.06,13.22,74.9,3.37,3.36,100,0.07,3.23,0.02,-0.03,-0.03,-0.04,0.01,6.57,3.29,-0.09,3.42,0.06,-0.05,-0.02,-0.02,-0.09,-0.1,-0.09,NA,0,26.66,-0.03,-0.02,0.1,23.28,3.27,0,0.07,0.04,0,3.38,3.28,0.04,0.03
"468","N. Singh","Varijitri Isles","MFDF",26,1994,1.92,0.06,1.55,1.07,66.6,1.46,0.96,0,0.08,13.96,-0.07,0.06,0.07,0.09,0,-0.02,-0.07,-0.02,58.55,62.94,92.93,1172.99,352.46,21.5,21.99,97.63,27.07,27.44,98.27,9.57,12.09,79.17,-0.09,0.23,-0.17,1.05,5.43,0.59,-0.09,4.46,0.53,0.54,0.6,-0.06,0.03,0.44,0.95,49.9,0.47,13.47,5.08,37.01,6.58,4.92,2.02,0.59,0.43,-0.1,0.09,2.56,2.92,3.02,0.01
"469","K. Koppel","Varijitri Isles","MFFW",24,1997,1.26,0.02,0.85,-0.07,0.04,0.7,-0.03,0.03,NA,23.92,0.08,-0.03,0.04,0,-0.02,0.05,-0.03,0,41.5,46.13,90.01,804.57,286.11,19.25,19.97,96.27,14.58,15.46,94.98,6.83,9.3,74.93,-0.04,0.54,-0.55,4.59,3.95,2.38,2.33,4.62,0.7,-0.1,0.81,0.09,0,0.08,0.82,0.03,0.79,25.39,5.41,21.24,11.4,9.95,3.89,-0.03,-0.07,0.04,0,0.09,0.76,-0.04,0.08
"475","C. Meunier","Xikong","DFMF",32,1988,0.41,-0.05,0.06,0.07,NA,0,-0.06,NA,NA,NA,0.07,-0.06,-0.02,0.1,-0.02,NA,-0.03,-0.06,18.05,34.06,52.87,413.92,230.08,5.92,7.93,75.01,5.92,11.92,49.92,3.91,12.03,33.23,0.05,0.09,-0.07,-0.09,2.05,-0.08,0.02,2.01,0.08,-0.09,0.05,-0.01,0.08,0,-0.07,NA,0.06,13.94,4.05,28.54,3.92,5.98,3.97,-0.07,0.02,0.05,-0.06,0.08,-0.09,3.94,-0.09
"476","U. Mariani","Xikong","DFMF",27,1993,0.28,0.03,0.07,-0.1,NA,-0.04,-0.01,NA,NA,NA,-0.07,-0.02,0.07,0.05,0.09,NA,-0.01,-0.04,14.96,15.02,99.97,134.96,64.92,15.02,14.91,99.94,-0.07,0.04,NA,-0.07,-0.08,NA,-0.05,-0.07,-0.06,0.06,-0.05,0.07,-0.06,0,-0.01,-0.02,0.04,0.01,-0.1,-0.03,0.05,NA,-0.07,4.92,0.03,-0.03,5.04,0,0,0.08,0.01,0.02,-0.07,4.94,4.99,4.98,0.1
"482","O. Avako","Xikong","MF",31,1989,4.28,0,0.54,0.06,-0.09,0.38,0.05,-0.02,NA,21.49,0.07,0.06,0.01,-0.04,0.1,0,-0.07,0.04,27.68,31.66,87.47,485.12,108.88,12.36,13.58,91.44,11.2,13.06,85.71,3.28,3.4,93.26,0.04,0.02,-0.12,0.47,2.83,0.38,0.02,1.7,2.04,1.07,1.34,0.62,0.05,0.53,1.77,25.05,1.35,15.83,3.89,24.97,5.71,8.31,1.56,1.91,0.55,-0.06,1.34,1.07,3.3,1.59,0.02
"483","O. Macamo","Xikong","MF",25,1995,3.61,-0.09,0.27,-0.02,0.02,0.34,-0.09,0.08,NA,24.43,-0.02,-0.01,0.07,0.01,-0.01,0.13,0.05,0.04,36.29,41.05,88.18,684.14,198.83,15.8,16.97,92.02,15.11,16.5,91.76,5.22,6.76,76.05,0.03,0,0.08,-0.03,4.38,0.52,0.06,4.83,1,0.3,0.48,0.32,0.26,0.45,1,49.92,0.48,17.04,3.85,22.14,5.69,7.84,3.42,1.54,0.18,0.09,1.34,3.01,4.12,1.39,-0.03
"484","O. Yaakv","Xikong","MF",21,1999,0,0.07,-0.08,-0.05,NA,0.01,-0.03,NA,NA,NA,-0.05,-0.03,0.1,-0.01,-0.02,NA,-0.05,0.07,0.09,0.03,NA,-0.02,0.06,0.03,-0.08,NA,0.03,-0.02,NA,0.05,0.02,NA,-0.03,-0.03,0.07,0.1,0.03,-0.09,-0.09,0.04,0.05,-0.02,0.02,0.05,-0.07,0.03,0.07,NA,0.1,10.09,0,-0.04,9.98,-0.09,0.04,-0.07,0.1,0.06,-0.02,30.02,30.06,20.05,0.05
"485","P. Uddin","Xikong","MF",29,1991,4,0.89,3.2,0.67,23.01,3.14,0.77,0.21,0.96,19.71,0.16,0.33,-0.02,0.41,0.32,-0.01,0.62,0.47,28.97,35.93,80.96,505.89,117.29,12.47,13.73,91.14,11.7,13.69,85.64,3.85,6.87,57.18,-0.02,0.13,-0.1,1.26,2.87,1.5,-0.06,3.89,0.56,0.33,0.49,0.05,0.02,0.26,1.23,20,1.03,12.21,3.57,30.04,4.09,5.55,2.37,1.26,-0.01,0.02,1.27,1.26,1.8,1.03,0.05
"486","S. Yamamoto","Xikong","MF",35,1985,4.03,0.03,0.99,0.41,50.03,0.89,0.54,-0.05,0.05,28.97,0.08,0.02,0.15,0.01,0.03,0.02,0.06,0.05,24.44,33.9,71.83,462.64,118.23,10.67,12.32,86.37,9.08,11.54,78.8,3.96,7.49,51.53,0.05,-0.01,0.02,0.66,3.31,0.97,0.17,3.08,1.94,0.98,0.88,0.4,0.44,0.75,2.04,37.47,1.24,16.07,3.6,22.71,4.39,8.49,3.2,2.5,0.2,0.01,2.2,1.7,3.6,2.03,-0.01
"487","X. Arab","Xikong","MF",33,1987,0.01,0.09,0,0.08,NA,0.04,0.03,NA,NA,NA,-0.06,-0.05,0.1,-0.03,-0.08,NA,0.07,0,-0.02,0.06,NA,0,0.09,-0.06,0.08,NA,0.09,-0.03,NA,0.03,0,NA,-0.05,-0.06,-0.07,-0.05,-0.04,-0.09,-0.04,0.07,0.08,-0.06,-0.08,0.02,0,0.01,0.08,NA,0.08,2,0.96,49.91,0.93,0.95,-0.02,0.05,0.03,0.03,0.08,1.01,1.02,0.91,0.03
"488","B. Goldberg","Xikong","MFFW",29,1992,1.01,0.98,2.06,1.09,50.01,2.05,1.05,0.43,1.05,13.77,0.04,0.07,0.01,0.38,0.5,0.13,0.52,0.59,12.96,21,61.83,262.09,64,7.94,11.93,66.7,3,5.05,59.98,2.01,3.08,66.64,-0.01,0.09,-0.05,0,2.94,0.01,0.07,3.05,0.97,0.99,0.98,0.05,0.03,1.07,3.94,25.1,3.1,27.98,9.06,32.18,9.05,13,5.94,1.97,0.09,0.07,2.04,1.99,2.95,1.03,0.03
